elapsed_time,mpx5500_pressure_hpa,rh_temp_c,humidity_pct,k96_pressure_hpa,k96_pressure_filtered_hpa,ntc0_temp_c,ntc0_temp_filtered_c,ntc1_temp_c,ntc1_temp_filtered_c,lpl_signal,mpl_signal,spl_signal,lpl_signal_filtered,mpl_signal_filtered,spl_signal_filtered,mpl_conc,lpl_conc,spl_conc
00:00:03,250.24,12.48,3.40,3276.70,0.00,12.4236,12.1437,0.0000,11.9432,36670192,0,1075560,36635092.0000,1438060.1250,0.0000,-32768,-32768,2303
00:00:04,244.81,12.48,3.41,3276.70,0.00,12.4551,12.1711,12.2434,11.9613,36670695,1437199,1075394,36638404.0000,1437978.8750,1064650.3750,-32768,-32768,2289
00:00:06,239.38,12.51,3.41,3276.70,0.00,12.4551,12.1987,12.2742,11.9887,36674686,1436946,1075338,36640624.0000,1437922.1250,1065304.5000,-32768,-32768,2277
00:00:08,239.38,12.55,3.44,3276.70,0.00,12.4964,12.2080,12.2844,11.9979,36676602,1437004,1075909,36642888.0000,1437867.1250,1065970.7500,-32768,-32768,2264
00:00:10,233.95,12.56,3.44,3276.70,0.00,12.5166,12.2266,12.2844,12.0258,36676602,1437092,1077161,36645188.0000,1437791.7500,1066923.0000,-32768,-32768,2244
00:00:11,233.95,12.58,3.45,3276.70,0.00,12.5377,12.2454,12.3251,12.0351,36680994,1436901,1076749,36647392.0000,1437763.8750,1067230.1250,-32768,-32768,2238
00:00:12,375.15,12.60,3.46,3276.70,0.00,12.5579,12.2643,12.3457,12.0539,36684112,1436833,1078576,36648540.0000,1437734.8750,1067584.6250,-32768,-32768,2224
00:00:14,684.70,12.62,3.46,3276.70,0.00,12.5579,12.2963,12.4273,12.0851,36684112,1434813,1078224,36651536.0000,1437550.1250,1068576.3750,-32768,-32768,2213
00:00:16,771.59,12.67,3.46,3276.70,0.00,12.7261,12.3217,12.4870,12.1089,36731404,1436082,1081791,36656068.0000,1437550.1250,1068576.3750,-32768,-32768,2192
00:00:19,907.35,12.72,3.46,3276.70,0.00,12.7261,12.3634,12.4870,12.1480,36753465,1436320,1086529,36664664.0000,1437364.8750,1071243.5000,-32768,-32768,2169
00:00:22,1015.97,12.79,3.58,3276.70,0.00,12.7261,12.4077,12.4870,12.1899,36773794,1436543,1088464,36673392.0000,1437364.8750,1071243.5000,-32768,-32768,2135
00:00:23,1075.70,12.87,3.62,3276.70,0.00,12.9057,12.4377,12.6680,12.2333,36786314,1436714,1091927,36683508.0000,1437234.0000,1073936.8750,-32768,-32768,2135
00:00:25,1102.86,12.87,3.67,3276.70,0.00,12.9637,12.4837,12.7277,12.2631,36782665,1435970,1092004,36689472.0000,1437153.1250,1075040.2500,-32768,-32768,2107
00:00:28,1238.62,12.95,3.67,3276.70,0.00,12.9807,12.4837,12.7277,12.2932,36782665,1436944,1095085,36699520.0000,1437153.1250,1075040.2500,-32768,-32768,2069
00:00:30,1292.93,13.03,3.71,3276.70,0.00,13.0504,12.4837,12.8338,12.2932,36803003,1436944,1095085,36712324.0000,1436995.0000,1079074.7500,-32768,-32768,2044
00:00:32,1363.53,13.09,3.71,3276.70,0.00,13.1013,12.6092,12.8671,12.3855,36816845,1436535,1098684,36718944.0000,1436959.7500,1080262.2500,-32768,-32768,2028
00:00:34,1444.99,13.12,3.76,3276.70,0.00,13.1013,12.6569,12.8671,12.4479,36826915,1436006,1099876,36728748.0000,1436885.3750,1082009.2500,-32768,-32768,2004
00:00:36,1493.86,13.18,3.78,3276.70,0.00,13.1855,12.6889,12.9516,12.4479,36826915,1435837,1102042,36734928.0000,1436823.2500,1083228.2500,-32768,-32768,1978
00:00:38,1499.29,13.21,3.79,3276.70,0.00,13.2168,12.7209,12.9830,12.4951,36834107,1435872,1102958,36734928.0000,1436823.2500,1084466.5000,-32768,-32768,1969
00:00:41,1531.88,13.24,3.79,3276.70,0.00,13.2168,12.7683,12.9830,12.5572,36834107,1436633,1102958,36754560.0000,1436745.2500,1086873.3750,-32768,-32768,1936
00:00:43,1564.46,13.31,3.79,3276.70,0.00,13.2980,12.8297,13.0684,12.6027,36860320,1436732,1105902,36760976.0000,1436744.8750,1088042.3750,-32768,-32768,1917
00:00:45,1711.09,13.34,3.79,3276.70,0.00,13.2980,12.8744,13.0684,12.6473,36855567,1436142,1106393,36760976.0000,1436744.8750,1090273.5000,-32768,-32768,1905
00:00:47,1732.81,13.40,3.79,3276.70,0.00,13.2980,12.9195,13.1562,12.6921,36850392,1434993,1107004,36777376.0000,1436596.0000,1091300.5000,-32768,-32768,1898
00:00:50,1770.83,13.40,3.88,3276.70,0.00,13.2980,12.9495,13.1815,12.7218,36867339,1435687,1109241,36782640.0000,1436528.7500,1092921.3750,-32768,-32768,1888
00:00:51,1787.12,13.47,3.88,3276.70,0.00,13.4375,12.9791,13.2061,12.7511,36880233,1436510,1110776,36788500.0000,1436517.1250,1093479.3750,-32768,-32768,1880
00:00:53,1819.70,13.50,3.88,3276.70,0.00,13.4601,13.0083,13.2293,12.7801,36874300,1435763,1110776,36796596.0000,1436470.1250,1095127.6250,-32768,-32768,1872
00:00:55,1857.72,13.50,3.90,3276.70,0.00,13.4601,13.0513,13.2293,12.8230,36883008,1435944,1111940,36801868.0000,1436444.3750,1096155.5000,-32768,-32768,1862
00:00:57,1879.44,13.55,3.91,3276.70,0.00,13.4601,13.0796,13.2293,12.8651,36887433,1435881,1114136,36809316.0000,1436384.8750,1097709.6250,-32768,-32768,1855
00:00:58,1890.30,13.59,3.92,3276.70,0.00,13.5373,13.1074,13.3082,12.8789,36892391,1436308,1114816,36809316.0000,1436384.8750,1098783.3750,-32768,-32768,1839
00:01:01,1922.88,13.61,3.93,3276.70,0.00,13.5573,13.1074,13.3397,12.8789,36896241,1435983,1115863,36821876.0000,1436349.7500,1100222.3750,-32768,-32768,1816
00:01:03,1917.45,13.65,3.95,3276.70,0.00,13.5868,13.1074,13.3397,12.9597,36896241,1436347,1117304,36829152.0000,1436336.1250,1101731.7500,-32768,-32768,1792
00:01:04,1917.45,13.68,3.95,3276.70,0.00,13.6094,13.2137,13.3397,12.9597,36907635,1436525,1119431,36831608.0000,1436342.0000,1102284.8750,-32768,-32768,1776
00:01:05,1922.88,13.68,3.95,3276.70,0.00,13.6160,13.2262,13.3904,12.9981,36910499,1436570,1117851,36836452.0000,1436356.1250,1103255.8750,-32768,-32768,1769
00:01:07,1928.32,13.70,3.97,3276.70,0.00,13.6295,13.2508,13.4050,13.0229,36908847,1436528,1117701,36836452.0000,1436361.5000,1103255.8750,-32768,-32768,1753
00:01:08,1922.88,13.70,3.97,3276.70,0.00,13.6426,13.2863,13.4255,13.0588,36908449,1436384,1118798,36845052.0000,1436352.7500,1105361.6250,-32768,-32768,1736
00:01:10,1955.47,13.73,3.98,3276.70,0.00,13.6562,13.2979,13.4255,13.0588,36909620,1436348,1119397,36849004.0000,1436355.7500,1106210.3750,-32768,-32768,1723
00:01:13,1944.61,13.76,3.99,3276.70,0.00,13.6562,13.2979,13.4255,13.0588,36908049,1436348,1119397,36854424.0000,1436355.7500,1107814.3750,-32768,-32768,1694
00:01:14,1944.61,13.78,4.00,3276.70,0.00,13.6908,13.3536,13.4690,13.1270,36912059,1436182,1119397,36858008.0000,1436303.5000,1108600.3750,-32768,-32768,1690
00:01:18,1982.62,13.79,4.01,3276.70,0.00,13.6908,13.3853,13.4690,13.1696,36912059,1435761,1119397,36858008.0000,1436303.5000,1110788.2500,-32768,-32768,1669
00:01:20,1977.19,13.83,4.03,3276.70,0.00,13.7400,13.4263,13.5185,13.1696,36911599,1435366,1126327,36867348.0000,1436212.8750,1111790.3750,-32768,-32768,1660
00:01:23,2004.34,13.84,4.05,3276.70,0.00,13.7400,13.4560,13.5185,13.2307,36911599,1435308,1122580,36867348.0000,1436212.8750,1111790.3750,-32768,-32768,1648
00:01:25,2004.34,13.88,4.06,3276.70,0.00,13.7902,13.4947,13.5689,13.2698,36921977,1435735,1123909,36877272.0000,1436089.1250,1113492.3750,-32768,-32768,1643
00:01:26,2004.34,13.89,4.08,3276.70,0.00,13.7962,13.5041,13.5748,13.2793,36924838,1435957,1123909,36880192.0000,1436080.7500,1114169.8750,-32768,-32768,1637
00:01:29,1998.91,13.91,4.08,3276.70,0.00,13.8123,13.5316,13.5921,13.3072,36925387,1435957,1117948,36882936.0000,1436078.2500,1114169.8750,-32768,-32768,1630
00:01:32,1998.91,13.92,4.08,3276.70,0.00,13.8123,13.5580,13.5921,13.3427,36925701,1435865,1119775,36887996.0000,1436041.5000,1114169.8750,-32768,-32768,1622
00:01:33,1998.91,13.94,4.09,3276.70,0.00,13.8373,13.5580,13.6244,13.3427,36924479,1435621,1125791,36891344.0000,1436012.6250,1116305.7500,-32768,-32768,1616
00:01:36,1998.91,13.96,4.10,3276.70,0.00,13.8373,13.6077,13.6244,13.3930,36925780,1435553,1124913,36894456.0000,1435968.1250,1117120.0000,-32768,-32768,1607
00:01:38,1998.91,13.98,4.12,3276.70,0.00,13.8373,13.6313,13.6566,13.4090,36925910,1435401,1126921,36896340.0000,1435934.7500,1117120.0000,-32768,-32768,1600
00:01:39,1998.91,13.99,4.12,3276.70,0.00,13.8829,13.6466,13.6671,13.4247,36926587,1435138,1129143,36898232.0000,1435889.3750,1118358.8750,-32768,-32768,1597
00:01:40,1998.91,14.00,4.12,3276.70,0.00,13.8881,13.6541,13.6721,13.4324,36926913,1435222,1130110,36899128.0000,1435868.5000,1118726.1250,-32768,-32768,1591
00:01:42,1998.91,14.00,4.13,3276.70,0.00,13.8932,13.6616,13.6824,13.4324,36926913,1435185,1127866,36900848.0000,1435829.7500,1119273.7500,-32768,-32768,1589
00:01:45,1998.91,14.02,4.13,3276.70,0.00,13.8932,13.6835,13.6824,13.4698,36926913,1435114,1128628,36904064.0000,1435737.3750,1120592.5000,-32768,-32768,1589
00:01:48,1993.48,14.02,4.14,3276.70,0.00,13.9290,13.6835,13.7190,13.4698,36929779,1434798,1134535,36906352.0000,1435737.3750,1120592.5000,-32768,-32768,1566
00:01:51,1993.48,14.06,4.15,3276.70,0.00,13.9290,13.7325,13.7190,13.5195,36929779,1434982,1129865,36909240.0000,1435587.8750,1122730.8750,-32768,-32768,1566
00:01:52,1993.48,14.07,4.16,3276.70,0.00,13.9595,13.7526,13.7445,13.5331,36932348,1434887,1135410,36909960.0000,1435566.0000,1123581.5000,-32768,-32768,1553
00:01:53,1993.48,14.08,4.17,3276.70,0.00,13.9696,13.7658,13.7553,13.5466,36933040,1434812,1130333,36911352.0000,1435518.1250,1123792.5000,-32768,-32768,1551
00:01:54,1993.48,14.09,4.17,3276.70,0.00,13.9746,13.7723,13.7553,13.5532,36933658,1434900,1131178,36912712.0000,1435478.3750,1124246.2500,-32768,-32768,1547
00:01:55,1993.48,14.09,4.17,3276.70,0.00,13.9848,13.7852,13.7702,13.5664,36935057,1434590,1135306,36913408.0000,1435450.6250,1124591.8750,-32768,-32768,1544
00:01:57,1993.48,14.10,4.18,3276.70,0.00,13.9952,13.7852,13.7807,13.5794,36934808,1434574,1130320,36915392.0000,1435366.3750,1125330.2500,-32768,-32768,1538
00:01:59,1993.48,14.11,4.18,3276.70,0.00,14.0049,13.8104,13.7909,13.5923,36934857,1434640,1131015,36916000.0000,1435343.6250,1125507.8750,-32768,-32768,1538
00:02:01,1993.48,14.11,4.20,3276.70,0.00,14.0151,13.8228,13.8009,13.6049,36937182,1434541,1131371,36917904.0000,1435266.8750,1126233.8750,-32768,-32768,1530
00:02:02,1993.48,14.11,4.21,3276.70,0.00,14.0252,13.8351,13.8109,13.6174,36938098,1434605,1131425,36918532.0000,1435266.8750,1126233.8750,-32768,-32768,1528
00:02:05,1993.48,14.15,4.21,3276.70,0.00,14.0252,13.8472,13.8109,13.6359,36938098,1434507,1131425,36920984.0000,1435154.8750,1127182.7500,-32768,-32768,1520
00:02:07,1988.05,14.15,4.22,3276.70,0.00,14.0547,13.8711,13.8109,13.6359,36941640,1434440,1129991,36922840.0000,1435090.8750,1127685.7500,-32768,-32768,1517
00:02:10,1988.05,14.17,4.22,3276.70,0.00,14.0648,13.8711,13.8562,13.6359,36942920,1434481,1133842,36924624.0000,1435090.8750,1127685.7500,-32768,-32768,1514
00:02:12,1998.91,14.19,4.23,3276.70,0.00,14.0648,13.9059,13.8562,13.6895,36943557,1434400,1128785,36925784.0000,1434993.2500,1128277.6250,-32768,-32768,1512
00:02:13,2015.21,14.20,4.24,3276.70,0.00,14.0961,13.9173,13.8562,13.6895,36942823,1433947,1135098,36927468.0000,1434919.0000,1128657.0000,-32768,-32768,1508
00:02:15,2015.21,14.21,4.25,3276.70,0.00,14.1092,13.9289,13.8952,13.7128,36941668,1433779,1134933,36927912.0000,1434883.3750,1128853.1250,-32768,-32768,1506
00:02:17,1998.91,14.22,4.26,3276.70,0.00,14.1205,13.9405,13.9075,13.7246,36950457,1434227,1134933,36927912.0000,1434816.6250,1129262.8750,-32768,-32768,1503
00:02:20,1971.76,14.24,4.26,3276.70,0.00,14.1205,13.9576,13.9075,13.7477,36959325,1434227,1134933,36933176.0000,1434792.3750,1130335.6250,-32768,-32768,1496
00:02:22,1977.19,14.25,4.26,3276.70,0.00,14.1408,13.9739,13.9075,13.7640,36955814,1434502,1137058,36934648.0000,1434781.0000,1130749.8750,-32768,-32768,1492
00:02:24,1988.05,14.26,4.28,3276.70,0.00,14.1464,13.9844,13.9337,13.7693,36954082,1434359,1137058,36934648.0000,1434747.6250,1131350.5000,-32768,-32768,1484
00:02:25,2020.64,14.26,4.28,3276.70,0.00,14.1546,13.9947,13.9413,13.7797,36952723,1433946,1144752,36936316.0000,1434695.2500,1131935.7500,-32768,-32768,1483
00:02:27,2015.21,14.27,4.29,3276.70,0.00,14.1750,13.9947,13.9621,13.7797,36952444,1433339,1139477,36937936.0000,1434584.1250,1132463.6250,-32768,-32768,1479
00:02:30,1993.48,14.29,4.31,3276.70,0.00,14.1875,14.0264,13.9797,13.8118,36961421,1434090,1139477,36937936.0000,1434584.1250,1133080.8750,-32768,-32768,1474
00:02:32,1998.91,14.31,4.30,3276.70,0.00,14.1875,14.0421,13.9797,13.8329,36965914,1434373,1131476,36942556.0000,1434584.1250,1133213.7500,-32768,-32768,1472
00:02:34,1998.91,14.32,4.31,3276.70,0.00,14.2115,14.0523,13.9797,13.8433,36964954,1434343,1139390,36943952.0000,1434517.5000,1133589.2500,-32768,-32768,1469
00:02:36,1993.48,14.32,4.32,3276.70,0.00,14.2250,14.0676,14.0130,13.8536,36965323,1434179,1137886,36945252.0000,1434517.5000,1133926.5000,-32768,-32768,1466
00:02:38,1998.91,14.34,4.32,3276.70,0.00,14.2346,14.0777,14.0272,13.8689,36968820,1434046,1140420,36947300.0000,1434517.5000,1134435.6250,-32768,-32768,1463
00:02:39,1998.91,14.35,4.32,3276.70,0.00,14.2486,14.0927,14.0366,13.8790,36969238,1434048,1146140,36948676.0000,1434436.6250,1134993.8750,-32768,-32768,1459
00:02:41,1993.48,14.36,4.33,3276.70,0.00,14.2532,14.0977,14.0412,13.8841,36969994,1434032,1147479,36949340.0000,1434423.8750,1134993.8750,-32768,-32768,1455
00:02:44,1993.48,14.36,4.33,3276.70,0.00,14.2532,14.1126,14.0412,13.8991,36970871,1434032,1147698,36949340.0000,1434363.7500,1136692.3750,-32768,-32768,1446
00:02:45,1993.48,14.39,4.34,3276.70,0.00,14.2805,14.1274,14.0687,13.9141,36973759,1433999,1147698,36953232.0000,1434344.8750,1137031.6250,-32768,-32768,1443
00:02:47,1988.05,14.39,4.34,3276.70,0.00,14.2805,14.1274,14.0779,13.9141,36975285,1433934,1141731,36955280.0000,1434322.8750,1137349.8750,-32768,-32768,1440
00:02:48,1993.48,14.41,4.36,3276.70,0.00,14.2805,14.1274,14.0869,13.9339,36978059,1434069,1141350,36955992.0000,1434314.8750,1137639.2500,-32768,-32768,1438
00:02:51,1993.48,14.41,4.36,3276.70,0.00,14.3076,14.1567,14.0869,13.9486,36978059,1434025,1143292,36958180.0000,1434289.3750,1137972.2500,-32768,-32768,1438
00:02:53,1993.48,14.41,4.36,3276.70,0.00,14.3215,14.1760,14.1139,13.9631,36982139,1433997,1143371,36960404.0000,1434271.6250,1138007.7500,-32768,-32768,1435
00:02:55,1988.05,14.44,4.36,3276.70,0.00,14.3215,14.1856,14.1139,13.9777,36987142,1434292,1141671,36962652.0000,1434260.0000,1138469.8750,-32768,-32768,1432
00:02:58,1993.48,14.44,4.38,3276.70,0.00,14.3215,14.1999,14.1139,13.9921,36987467,1434060,1144991,36964848.0000,1434254.1250,1138916.5000,-32768,-32768,1428
00:03:00,1988.05,14.44,4.39,3276.70,0.00,14.3615,14.1999,14.1502,13.9921,36989196,1434032,1150668,36967048.0000,1434228.7500,1139765.0000,-32768,-32768,1422
00:03:02,2004.34,14.47,4.39,3276.70,0.00,14.3615,14.2283,14.1502,14.0207,36987727,1433943,1145766,36969060.0000,1434209.0000,1140273.6250,-32768,-32768,1418
00:03:04,2004.34,14.49,4.39,3276.70,0.00,14.3855,14.2378,14.1502,14.0302,36990713,1433819,1149683,36970272.0000,1434186.3750,1140753.5000,-32768,-32768,1418
00:03:05,2004.34,14.50,4.40,3276.70,0.00,14.3959,14.2473,14.1845,14.0350,36992139,1433880,1146918,36970956.0000,1434176.8750,1140946.1250,-32768,-32768,1414
00:03:07,2004.34,14.50,4.40,3276.70,0.00,14.4013,14.2521,14.1845,14.0447,36996608,1434046,1146894,36972464.0000,1434165.5000,1141307.2500,-32768,-32768,1411
00:03:08,1998.91,14.51,4.41,3276.70,0.00,14.4111,14.2617,14.2003,14.0496,36997016,1433919,1149271,36973232.0000,1434157.8750,1141556.1250,-32768,-32768,1407
00:03:10,2004.34,14.52,4.41,3276.70,0.00,14.4111,14.2761,14.2003,14.0689,37001905,1434241,1148151,36976540.0000,1434155.0000,1142394.0000,-32768,-32768,1403
00:03:13,1998.91,14.54,4.42,3276.70,0.00,14.4339,14.2761,14.2279,14.0689,37007303,1434224,1148455,36979112.0000,1434168.8750,1142696.7500,-32768,-32768,1401
00:03:16,1998.91,14.54,4.43,3276.70,0.00,14.4339,14.3046,14.2279,14.0928,37007303,1434280,1142223,36979112.0000,1434177.3750,1142998.0000,-32768,-32768,1397
00:03:19,1998.91,14.56,4.44,3276.70,0.00,14.4692,14.3046,14.2626,14.0928,37011122,1434236,1150529,36984972.0000,1434177.7500,1143631.7500,-32768,-32768,1394
00:03:22,1998.91,14.58,4.45,3276.70,0.00,14.4692,14.3373,14.2626,14.1305,37013717,1434152,1149745,36987592.0000,1434177.7500,1143631.7500,-32768,-32768,1390
00:03:25,1998.91,14.59,4.46,3276.70,0.00,14.4989,14.3558,14.2626,14.1490,37013717,1434284,1149745,36991740.0000,1434187.5000,1144812.8750,-32768,-32768,1385
00:03:28,1998.91,14.62,4.46,3276.70,0.00,14.5116,14.3558,14.2626,14.1627,37013717,1434297,1156720,36994232.0000,1434189.6250,1145612.0000,-32768,-32768,1379
00:03:29,1998.91,14.62,4.47,3276.70,0.00,14.5289,14.3877,14.3181,14.1764,37020845,1434209,1151794,36995892.0000,1434189.6250,1146275.8750,-32768,-32768,1374
00:03:31,1993.48,14.64,4.47,3276.70,0.00,14.5328,14.3967,14.3265,14.1855,37021686,1434248,1152503,36995892.0000,1434194.5000,1146470.5000,-32768,-32768,1373
00:03:33,1993.48,14.65,4.48,3276.70,0.00,14.5328,14.4057,14.3265,14.1990,37022896,1434027,1152499,36999820.0000,1434187.7500,1147348.8750,-32768,-32768,1367
00:03:36,1993.48,14.66,4.48,3276.70,0.00,14.5577,14.4057,14.3478,14.1990,37027504,1434013,1160011,36999820.0000,1434187.7500,1148393.1250,-32768,-32768,1360
00:03:38,1993.48,14.68,4.49,3276.70,0.00,14.5704,14.4057,14.3645,14.1990,37029471,1434160,1154355,37005292.0000,1434175.8750,1148925.6250,-32768,-32768,1357
00:03:40,1993.48,14.69,4.50,3276.70,0.00,14.5787,14.4412,14.3727,14.2347,37030070,1434127,1160792,37006064.0000,1434174.3750,1148925.6250,-32768,-32768,1354
00:03:42,1993.48,14.70,4.50,3276.70,0.00,14.5787,14.4545,14.3814,14.2436,37031085,1434269,1160792,37008340.0000,1434178.3750,1149960.8750,-32768,-32768,1350
00:03:45,1960.90,14.71,4.50,3276.70,0.00,14.5787,14.4676,14.3814,14.2612,37033996,1434286,1156682,37010556.0000,1434178.3750,1150535.1250,-32768,-32768,1346
00:03:47,1917.45,14.72,4.50,3276.70,0.00,14.5787,14.4845,14.4009,14.2737,37044169,1435078,1155725,37013336.0000,1434236.1250,1150836.3750,-32768,-32768,1342
00:03:48,1895.73,14.73,4.51,3276.70,0.00,14.6095,14.4884,14.3999,14.2777,37041408,1435052,1161691,37015104.0000,1434236.1250,1151468.2500,-32768,-32768,1340
00:03:50,1863.15,14.74,4.50,3276.70,0.00,14.6006,14.4988,14.3907,14.2882,37035908,1434977,1161691,37016476.0000,1434348.3750,1151863.6250,-32768,-32768,1337
00:03:53,1814.27,14.74,4.50,3276.70,0.00,14.6006,14.5073,14.3907,14.2967,37035908,1434977,1154350,37017916.0000,1434384.5000,1151863.6250,-32768,-32768,1333
00:03:56,1765.40,14.75,4.45,3276.70,0.00,14.6006,14.5155,14.3617,14.3051,37016578,1434599,1158045,37017916.0000,1434412.7500,1152682.5000,-32768,-32768,1331
00:03:59,1732.81,14.76,4.42,3276.70,0.00,14.6006,14.5198,14.3617,14.3106,37009274,1434764,1152899,37017360.0000,1434452.6250,1152916.6250,-32768,-32768,1331
00:04:01,1700.23,14.76,4.41,3276.70,0.00,14.6006,14.5229,14.3407,14.3125,37005489,1434534,1158844,37016668.0000,1434458.1250,1153240.7500,-32768,-32768,1329
00:04:03,1667.64,14.77,4.38,3276.70,0.00,14.5455,14.5243,14.3353,14.3125,37003028,1434926,1151947,37015412.0000,1434458.1250,1153240.7500,-32768,-32768,1330
00:04:06,1629.63,14.77,4.37,3276.70,0.00,14.5389,14.5243,14.3266,14.3125,36994515,1434676,1153246,37013108.0000,1434504.7500,1153060.6250,-32768,-32768,1330
00:04:09,1591.62,14.77,4.36,3276.70,0.00,14.5389,14.5267,14.3266,14.3163,36990978,1434676,1154896,37011808.0000,1434504.7500,1153060.6250,-32768,-32768,1329
00:04:10,1575.32,14.77,4.35,3276.70,0.00,14.5290,14.5269,14.3187,14.3166,36987472,1434437,1150908,37009756.0000,1434516.0000,1153157.1250,-32768,-32768,1329
00:04:11,1559.03,14.78,4.34,3276.70,0.00,14.5282,14.5270,14.3178,14.3166,36987713,1434475,1150992,37009064.0000,1434514.6250,1153089.5000,-32768,-32768,1329
00:04:14,1526.45,14.78,4.33,3276.70,0.00,14.5282,14.5269,14.3178,14.3165,36986464,1434568,1151434,37006296.0000,1434527.6250,1153027.2500,-32768,-32768,1330
00:04:15,1504.72,14.78,4.31,3276.70,0.00,14.5265,14.5269,14.3157,14.3165,36985609,1434568,1151434,37004984.0000,1434547.8750,1152845.2500,-32768,-32768,1331
00:04:17,1483.00,14.79,4.30,3276.70,0.00,14.5265,14.5268,14.3160,14.3164,36984317,1434762,1151103,37003692.0000,1434547.8750,1152845.2500,-32768,-32768,1332
00:04:19,1461.28,14.79,4.30,3276.70,0.00,14.5270,14.5268,14.3175,14.3164,36983438,1434794,1151345,37002448.0000,1434575.7500,1152661.7500,-32768,-32768,1333
00:04:20,1455.85,14.79,4.29,3276.70,0.00,14.5281,14.5268,14.3180,14.3164,36981638,1434762,1147312,37001176.0000,1434588.7500,1152299.5000,-32768,-32768,1334
00:04:23,1542.74,14.80,4.29,3276.70,0.00,14.5357,14.5272,14.3261,14.3164,36980579,1434544,1147312,37001176.0000,1434588.7500,1152135.8750,-32768,-32768,1335
00:04:25,1586.18,14.81,4.29,3276.70,0.00,14.5357,14.5314,14.3729,14.3211,36975674,1433086,1150856,36996624.0000,1434447.7500,1152135.8750,-32768,-32768,1336
00:04:27,1618.77,14.82,4.33,3276.70,0.00,14.5357,14.5359,14.4018,14.3256,36988765,1433537,1152921,36996624.0000,1434360.7500,1152150.2500,-32768,-32768,1335
00:04:29,1656.78,14.85,4.35,3276.70,0.00,14.6420,14.5420,14.4018,14.3256,37005323,1433412,1154979,36996384.0000,1434309.0000,1152267.0000,-32768,-32768,1334
00:04:32,1738.24,14.86,4.37,3276.70,0.00,14.6420,14.5537,14.4018,14.3479,37005323,1433456,1154979,36998688.0000,1434210.6250,1152754.6250,-32768,-32768,1330
00:04:35,1770.83,14.86,4.41,3276.70,0.00,14.7485,14.5537,14.5348,14.3479,37036845,1433784,1158817,37001608.0000,1434153.3750,1153253.5000,-32768,-32768,1326
00:04:37,1792.55,14.92,4.42,3276.70,0.00,14.7870,14.5925,14.5734,14.3814,37048468,1434015,1158817,37001608.0000,1434140.1250,1153701.1250,-32768,-32768,1322
00:04:39,1830.56,14.95,4.42,3276.70,0.00,14.8106,14.5925,14.5978,14.3814,37058746,1434235,1162102,37009048.0000,1434140.1250,1154689.3750,-32768,-32768,1317
00:04:42,1874.01,14.98,4.43,3276.70,0.00,14.8106,14.6335,14.6454,14.4221,37067434,1434252,1163479,37014140.0000,1434159.8750,1155243.0000,-32768,-32768,1312
00:04:43,1901.16,15.00,4.43,3276.70,0.00,14.8811,14.6484,14.6688,14.4370,37075874,1434351,1165211,37017800.0000,1434170.3750,1155814.7500,-32768,-32768,1312
00:04:46,1944.61,15.00,4.44,3276.70,0.00,14.9162,14.6484,14.6688,14.4602,37075874,1434508,1165211,37027816.0000,1434204.8750,1157417.0000,-32768,-32768,1299
00:04:48,1966.33,15.00,4.45,3276.70,0.00,14.9384,14.6877,14.7260,14.4602,37075874,1434648,1168332,37029996.0000,1434218.7500,1157758.1250,-32768,-32768,1297
00:04:50,2053.22,15.00,4.45,3276.70,0.00,14.9733,14.7125,14.7603,14.5008,37103468,1434629,1168689,37034464.0000,1434244.0000,1158430.7500,-32768,-32768,1297
00:04:52,2091.23,15.00,4.46,3276.70,0.00,15.0012,14.7298,14.7877,14.5180,37101319,1434013,1170306,37038672.0000,1434244.0000,1159521.8750,-32768,-32768,1284
00:04:54,2123.82,15.11,4.48,3276.70,0.00,15.0389,14.7568,14.7877,14.5538,37101319,1434651,1172298,37047320.0000,1434241.6250,1160585.8750,-32768,-32768,1280
00:04:57,2145.54,15.13,4.48,3276.70,0.00,15.0389,14.7843,14.7877,14.5812,37130720,1434906,1172175,37054664.0000,1434293.1250,1161741.1250,-32768,-32768,1272
00:04:58,2161.83,15.16,4.47,3276.70,0.00,15.0902,14.8028,14.8756,14.5904,37136257,1434995,1173492,37057216.0000,1434315.0000,1162108.2500,-32768,-32768,1268
00:04:59,2178.13,15.18,4.47,3276.70,0.00,15.1077,14.8212,14.8936,14.6087,37139539,1435285,1174302,37062264.0000,1434369.5000,1162844.2500,-32768,-32768,1265
00:05:00,2183.56,15.19,4.47,3276.70,0.00,15.1163,14.8305,14.9027,14.6179,37142542,1435351,1177155,37064776.0000,1434400.2500,1163291.5000,-32768,-32768,1263
00:05:01,2194.42,15.19,4.47,3276.70,0.00,15.1244,14.8396,14.9110,14.6271,37145374,1435417,1176082,37069804.0000,1434467.2500,1164026.0000,-32768,-32768,1258
00:05:03,2205.28,15.21,4.47,3276.70,0.00,15.1468,14.8669,14.9347,14.6543,37154686,1435510,1176264,37074940.0000,1434534.6250,1164771.1250,-32768,-32768,1251
00:05:05,2199.85,15.22,4.47,3276.70,0.00,15.1530,14.8758,14.9415,14.6632,37156377,1435888,1175922,37079984.0000,1434610.8750,1165502.5000,-32768,-32768,1251
00:05:06,2199.85,15.22,4.48,3276.70,0.00,15.1701,14.9020,14.9600,14.6896,37163684,1436108,1178604,37085012.0000,1434699.1250,1166293.5000,-32768,-32768,1251
00:05:08,2194.42,15.22,4.47,3276.70,0.00,15.1784,14.9188,14.9703,14.7067,37165847,1436327,1172989,37089964.0000,1434699.1250,1166293.5000,-32768,-32768,1239
00:05:11,2194.42,15.27,4.45,3276.70,0.00,15.1784,14.9352,14.9703,14.7314,37165847,1436448,1179222,37099248.0000,1434990.1250,1168197.1250,-32768,-32768,1233
00:05:12,2199.85,15.28,4.45,3276.70,0.00,15.1992,14.9587,14.9927,14.7473,37165815,1436487,1178135,37101328.0000,1434990.1250,1168507.7500,-32768,-32768,1228
00:05:15,2259.59,15.29,4.45,3276.70,0.00,15.1992,14.9815,14.9927,14.7706,37165815,1435417,1179439,37108776.0000,1434990.1250,1170187.3750,-32768,-32768,1221
00:05:17,2265.02,15.31,4.48,3276.70,0.00,15.2329,14.9968,15.0259,14.7706,37167123,1435984,1183493,37112184.0000,1434990.1250,1170187.3750,-32768,-32768,1216
00:05:19,2232.43,15.31,4.49,3276.70,0.00,15.2532,15.0195,15.0259,14.7706,37180233,1436472,1180846,37117956.0000,1435292.3750,1171521.7500,-32768,-32768,1213
00:05:22,2156.40,15.34,4.49,3276.70,0.00,15.2532,15.0412,15.0259,14.8383,37180233,1437748,1182906,37126656.0000,1435548.1250,1172897.3750,-32768,-32768,1213
00:05:24,2118.39,15.34,4.46,3276.70,0.00,15.2495,15.0667,15.0259,14.8383,37191726,1437869,1179717,37130780.0000,1435694.1250,1173719.7500,-32768,-32768,1200
00:05:27,2064.08,15.36,4.46,3276.70,0.00,15.2495,15.0821,15.0259,14.8730,37173089,1437329,1181348,37130780.0000,1435694.1250,1174400.0000,-32768,-32768,1196
00:05:29,2020.64,15.36,4.45,3276.70,0.00,15.2495,15.0942,15.0028,14.8853,37158313,1437115,1184615,37137556.0000,1435978.0000,1174936.8750,-32768,-32768,1193
00:05:31,1988.05,15.36,4.43,3276.70,0.00,15.1937,15.1005,14.9876,14.8918,37149504,1437002,1184615,37138628.0000,1436071.6250,1175334.1250,-32768,-32768,1191
00:05:32,1966.33,15.36,4.42,3276.70,0.00,15.1800,15.1055,14.9728,14.8970,37140586,1436972,1179090,37138628.0000,1436122.2500,1175653.2500,-32768,-32768,1189
00:05:34,1939.18,15.36,4.41,3276.70,0.00,15.1667,15.1055,14.9585,14.9009,37137269,1436777,1177784,37138476.0000,1436161.8750,1175778.5000,-32768,-32768,1188
00:05:36,1890.30,15.36,4.41,3276.70,0.00,15.1543,15.1055,14.9393,14.9009,37125786,1436904,1176006,37137856.0000,1436206.0000,1175943.7500,-32768,-32768,1188
00:05:38,1857.72,15.36,4.40,3276.70,0.00,15.1375,15.1055,14.9220,14.9009,37121254,1436710,1176556,37136556.0000,1436260.1250,1175987.6250,-32768,-32768,1187
00:05:42,1803.41,15.36,4.39,3276.70,0.00,15.1375,15.1161,14.9220,14.9074,37121254,1436636,1175652,37136556.0000,1436311.2500,1175985.2500,-32768,-32768,1187
00:05:43,1781.69,15.36,4.38,3276.70,0.00,15.1096,15.1161,14.9220,14.9067,37108528,1436588,1174667,37132360.0000,1436332.6250,1175922.6250,-32768,-32768,1188
00:05:44,1759.97,15.36,4.37,3276.70,0.00,15.1024,15.1151,14.8938,14.9063,37106688,1436542,1172568,37131560.0000,1436339.2500,1175817.8750,-32768,-32768,1188
00:05:46,1743.67,15.36,4.37,3276.70,0.00,15.0964,15.1140,14.8877,14.9052,37103430,1436660,1174243,37131560.0000,1436365.0000,1175734.1250,-32768,-32768,1189
00:05:49,1694.80,15.36,4.35,3276.70,0.00,15.0964,15.1118,14.8877,14.9031,37103430,1436623,1174243,37125232.0000,1436400.0000,1175511.3750,-32768,-32768,1190
00:05:51,1656.78,15.36,4.35,3276.70,0.00,15.0964,15.1083,14.8729,14.8997,37093456,1436523,1173182,37125232.0000,1436400.0000,1175316.6250,-32768,-32768,1191
00:05:52,1645.92,15.36,4.33,3276.70,0.00,15.0780,15.1073,14.8716,14.8988,37090738,1436493,1177057,37121344.0000,1436416.7500,1175371.0000,-32768,-32768,1191
00:05:54,1624.20,15.36,4.32,3276.70,0.00,15.0750,15.1054,14.8687,14.8969,37091175,1436482,1172775,37120400.0000,1436418.7500,1175289.8750,-32768,-32768,1192
00:05:55,1602.48,15.36,4.31,3276.70,0.00,15.0732,15.1054,14.8687,14.8941,37086520,1436623,1174772,37117488.0000,1436431.2500,1175148.8750,-32768,-32768,1192
00:05:57,1580.75,15.36,4.31,3276.70,0.00,15.0718,15.1014,14.8650,14.8932,37087531,1436484,1178323,37116552.0000,1436432.8750,1175167.5000,-32768,-32768,1192
00:05:58,1564.46,15.36,4.30,3276.70,0.00,15.0711,15.1004,14.8649,14.8923,37087722,1436484,1172611,37114752.0000,1436438.2500,1175087.5000,-32768,-32768,1192
00:06:01,1521.02,15.36,4.30,3276.70,0.00,15.0711,15.0977,14.8649,14.8889,37087722,1436674,1172629,37111392.0000,1436462.6250,1175102.5000,-32768,-32768,1192
00:06:04,1493.86,15.36,4.28,3276.70,0.00,15.0707,15.0952,14.8658,14.8875,37087464,1436556,1172629,37111392.0000,1436462.6250,1175102.5000,-32768,-32768,1194
00:06:05,1477.57,15.37,4.26,3276.70,0.00,15.0724,15.0930,14.8677,14.8855,37085145,1436683,1174242,37108368.0000,1436481.2500,1175102.5000,-32768,-32768,1194
00:06:08,1434.13,15.37,4.25,3276.70,0.00,15.0724,15.0912,14.8677,14.8836,37085145,1436811,1174242,37105156.0000,1436530.8750,1174919.3750,-32768,-32768,1194
00:06:11,1417.83,15.38,4.24,3276.70,0.00,15.0780,15.0899,14.8740,14.8829,37085145,1437020,1173509,37105156.0000,1436558.7500,1174848.8750,-32768,-32768,1194
00:06:14,1461.28,15.38,4.23,3276.70,0.00,15.0847,15.0891,14.8740,14.8824,37085145,1435895,1172246,37101460.0000,1436558.7500,1174938.6250,-32768,-32768,1193
00:06:16,1515.59,15.39,4.23,3276.70,0.00,15.0847,15.0907,14.8740,14.8856,37081230,1435911,1173492,37099232.0000,1436493.7500,1174774.1250,-32768,-32768,1194
00:06:17,1564.46,15.41,4.25,3276.70,0.00,15.1626,15.0958,14.9590,14.8896,37092075,1435716,1174696,37098692.0000,1436451.1250,1174863.3750,-32768,-32768,1194
00:06:19,1575.32,15.42,4.25,3276.70,0.00,15.1798,15.0984,14.9760,14.8923,37101988,1435726,1176081,37098720.0000,1436402.7500,1174904.0000,-32768,-32768,1193
00:06:21,1645.92,15.43,4.29,3276.70,0.00,15.1798,15.1088,14.9760,14.9029,37120553,1436345,1178937,37099752.0000,1436385.5000,1175153.2500,-32768,-32768,1192
00:06:23,1700.23,15.43,4.32,3276.70,0.00,15.2665,15.1179,15.0604,14.9120,37125943,1435919,1179742,37101340.0000,1436371.0000,1175296.6250,-32768,-32768,1190
00:06:25,1738.24,15.48,4.33,3276.70,0.00,15.3026,15.1287,15.0955,14.9227,37136082,1435796,1179742,37104432.0000,1436316.5000,1175786.8750,-32768,-32768,1188
00:06:26,1787.12,15.48,4.34,3276.70,0.00,15.3541,15.1477,15.0955,14.9227,37152316,1436007,1183501,37107160.0000,1436291.1250,1176250.1250,-32768,-32768,1184
00:06:28,1825.13,15.52,4.36,3276.70,0.00,15.3868,15.1618,15.1778,14.9555,37159612,1436117,1178891,37110320.0000,1436280.5000,1176554.6250,-32768,-32768,1183
00:06:30,1868.58,15.54,4.36,3276.70,0.00,15.4193,15.1771,15.1778,14.9706,37169240,1435986,1185778,37113796.0000,1436263.0000,1176996.0000,-32768,-32768,1179
00:06:32,1912.02,15.56,4.37,3276.70,0.00,15.4495,15.1771,15.2544,14.9706,37182929,1436333,1183248,37119760.0000,1436263.0000,1176996.0000,-32768,-32768,1174
00:06:34,1933.75,15.60,4.38,3276.70,0.00,15.4914,15.2192,15.2544,15.0123,37197337,1436536,1191112,37126668.0000,1436278.5000,1178891.0000,-32768,-32768,1170
00:06:36,1960.90,15.60,4.39,3276.70,0.00,15.5181,15.2371,15.3092,15.0301,37203505,1436536,1191112,37131488.0000,1436307.0000,1179633.2500,-32768,-32768,1166
00:06:37,1955.47,15.65,4.39,3276.70,0.00,15.5424,15.2555,15.3335,15.0484,37212642,1436861,1193473,37136720.0000,1436348.8750,1180547.1250,-32768,-32768,1161
00:06:39,1971.76,15.66,4.39,3276.70,0.00,15.5424,15.2834,15.3335,15.0761,37231082,1437631,1194645,37142424.0000,1436420.0000,1182016.6250,-32768,-32768,1153
00:06:42,2009.78,15.69,4.39,3276.70,0.00,15.5886,15.2834,15.3916,15.1039,37237346,1437876,1195102,37142424.0000,1436420.0000,1183073.1250,-32768,-32768,1147
00:06:45,2036.93,15.71,4.37,3276.70,0.00,15.5886,15.3296,15.3916,15.1320,37237346,1437551,1195102,37161012.0000,1436652.3750,1184662.1250,-32768,-32768,1137
00:06:46,2026.07,15.71,4.39,3276.70,0.00,15.6483,15.3577,15.4438,15.1508,37246595,1437846,1197300,37166448.0000,1436733.2500,1185460.7500,-32768,-32768,1135
00:06:48,2009.78,15.76,4.38,3276.70,0.00,15.6635,15.3762,15.4602,15.1508,37267149,1438876,1194382,37172344.0000,1436852.0000,1186146.0000,-32768,-32768,1130
00:06:50,1993.48,15.78,4.38,3276.70,0.00,15.6635,15.4033,15.4602,15.2058,37270393,1439415,1199050,37181152.0000,1437070.3750,1187150.1250,-32768,-32768,1125
00:06:51,1988.05,15.79,4.37,3276.70,0.00,15.6847,15.4205,15.4824,15.2144,37271196,1439383,1199953,37183964.0000,1437142.6250,1187550.1250,-32768,-32768,1122
00:06:53,1998.91,15.80,4.37,3276.70,0.00,15.6896,15.4370,15.4869,15.2311,37263967,1439185,1190065,37189064.0000,1437273.6250,1187778.3750,-32768,-32768,1122
00:06:56,2020.64,15.81,4.37,3276.70,0.00,15.6896,15.4528,15.4869,15.2549,37263967,1439185,1196681,37196808.0000,1437273.6250,1187778.3750,-32768,-32768,1115
00:06:58,2020.64,15.83,4.38,3276.70,0.00,15.7128,15.4759,15.5106,15.2704,37252639,1438244,1196904,37198552.0000,1437273.6250,1189659.8750,-32768,-32768,1110
00:07:01,1988.05,15.84,4.37,3276.70,0.00,15.7128,15.5057,15.5106,15.3007,37252639,1438384,1210056,37207540.0000,1437578.7500,1191471.5000,-32768,-32768,1110
00:07:04,1993.48,15.87,4.37,3276.70,0.00,15.7128,15.5337,15.5106,15.3292,37252639,1438384,1209291,37214908.0000,1437763.2500,1192967.8750,-32768,-32768,1096
00:07:05,1998.91,15.88,4.37,3276.70,0.00,15.7491,15.5468,15.5106,15.3292,37254959,1438155,1200849,37217608.0000,1437805.2500,1193745.1250,-32768,-32768,1092
00:07:07,2004.34,15.90,4.38,3276.70,0.00,15.7569,15.5596,15.5552,15.3554,37254959,1437795,1201469,37218624.0000,1437809.7500,1194238.5000,-32768,-32768,1089
00:07:10,2004.34,15.91,4.38,3276.70,0.00,15.7569,15.5784,15.5552,15.3808,37255650,1437795,1201469,37223872.0000,1437851.5000,1194238.5000,-32768,-32768,1084
00:07:12,2004.34,15.93,4.39,3276.70,0.00,15.7873,15.5969,15.5877,15.3933,37258533,1438070,1201469,37226088.0000,1437867.8750,1195412.2500,-32768,-32768,1083
00:07:14,2004.34,15.95,4.39,3276.70,0.00,15.7975,15.6091,15.5985,15.4057,37262251,1438260,1203398,37226088.0000,1437867.8750,1195588.8750,-32768,-32768,1082
00:07:15,2004.34,15.96,4.39,3276.70,0.00,15.8082,15.6211,15.6080,15.4180,37262404,1438170,1203364,37226088.0000,1437904.1250,1196089.2500,-32768,-32768,1079
00:07:17,2004.34,15.97,4.39,3276.70,0.00,15.8183,15.6211,15.6179,15.4302,37263299,1438127,1196186,37226088.0000,1437917.1250,1196153.5000,-32768,-32768,1078
00:07:19,2004.34,15.98,4.41,3276.70,0.00,15.8183,15.6507,15.6327,15.4481,37265291,1438081,1205455,37226088.0000,1437931.1250,1196973.7500,-32768,-32768,1074
00:07:22,2004.34,16.00,4.41,3276.70,0.00,15.8183,15.6682,15.6327,15.4715,37269093,1437925,1205112,37238440.0000,1437928.7500,1196973.7500,-32768,-32768,1070
00:07:24,2004.34,16.02,4.42,3276.70,0.00,15.8183,15.6910,15.6664,15.4887,37269895,1437884,1205112,37238440.0000,1437935.1250,1198615.5000,-32768,-32768,1064
00:07:26,2004.34,16.04,4.42,3276.70,0.00,15.8183,15.7079,15.6664,15.5057,37272390,1438106,1206299,37244136.0000,1437941.1250,1199521.6250,-32768,-32768,1062
00:07:28,2004.34,16.04,4.42,3276.70,0.00,15.8915,15.7189,15.6903,15.5169,37274061,1437858,1215562,37245908.0000,1437941.1250,1200815.0000,-32768,-32768,1056
00:07:31,2004.34,16.06,4.42,3276.70,0.00,15.8915,15.7355,15.7054,15.5169,37276544,1437896,1207535,37249544.0000,1437937.8750,1201452.5000,-32768,-32768,1053
00:07:33,1998.91,16.08,4.43,3276.70,0.00,15.8915,15.7519,15.7054,15.5500,37278589,1437915,1218864,37251336.0000,1437939.6250,1202466.0000,-32768,-32768,1048
00:07:37,1998.91,16.08,4.43,3276.70,0.00,15.9364,15.7519,15.7356,15.5500,37282773,1437915,1217129,37255800.0000,1437944.1250,1202466.0000,-32768,-32768,1041
00:07:38,1998.91,16.13,4.43,3276.70,0.00,15.9571,15.7897,15.7561,15.5880,37283814,1438064,1209995,37257508.0000,1437951.2500,1204345.5000,-32768,-32768,1039
00:07:40,2004.34,16.13,4.43,3276.70,0.00,15.9622,15.7951,15.7616,15.5934,37285341,1438027,1209995,37257508.0000,1437953.3750,1204928.7500,-32768,-32768,1035
00:07:41,1998.91,16.15,4.44,3276.70,0.00,15.9777,15.8111,15.7773,15.6096,37286167,1438037,1210636,37260912.0000,1437956.7500,1205536.8750,-32768,-32768,1034
00:07:43,1998.91,16.16,4.44,3276.70,0.00,15.9829,15.8165,15.7822,15.6150,37286560,1438102,1211384,37261712.0000,1437961.2500,1205719.6250,-32768,-32768,1032
00:07:45,1998.91,16.17,4.44,3276.70,0.00,15.9829,15.8165,15.7979,15.6150,37288069,1437958,1219438,37264824.0000,1437960.1250,1206840.3750,-32768,-32768,1028
00:07:47,1998.91,16.18,4.44,3276.70,0.00,15.9829,15.8485,15.7979,15.6471,37290241,1437890,1211428,37266388.0000,1437955.5000,1207138.6250,-32768,-32768,1025
00:07:49,1998.91,16.20,4.44,3276.70,0.00,16.0246,15.8591,15.8247,15.6578,37293902,1437933,1220901,37268056.0000,1437952.1250,1207913.5000,-32768,-32768,1023
00:07:51,1998.91,16.21,4.44,3276.70,0.00,16.0246,15.8698,15.8247,15.6739,37296523,1438060,1213607,37270568.0000,1437968.5000,1208381.3750,-32768,-32768,1020
00:07:52,1998.91,16.23,4.45,3276.70,0.00,16.0461,15.8804,15.8458,15.6792,37297976,1437885,1218910,37271424.0000,1437965.8750,1208381.3750,-32768,-32768,1017
00:07:54,1998.91,16.24,4.45,3276.70,0.00,16.0568,15.8804,15.8570,15.6899,37299621,1438045,1214619,37273088.0000,1437967.0000,1209271.0000,-32768,-32768,1016
00:07:55,1998.91,16.25,4.45,3276.70,0.00,16.0677,15.9017,15.8679,15.7007,37301990,1437973,1214040,37274804.0000,1437969.2500,1209579.1250,-32768,-32768,1015
00:07:57,1998.91,16.26,4.45,3276.70,0.00,16.0730,15.9071,15.8730,15.7007,37303494,1438052,1222538,37276536.0000,1437973.5000,1210305.8750,-32768,-32768,1011
00:07:58,1998.91,16.27,4.47,3276.70,0.00,16.0837,15.9178,15.8839,15.7168,37303587,1438137,1215202,37276536.0000,1437983.3750,1210606.7500,-32768,-32768,1010
00:07:59,1998.91,16.27,4.45,3276.70,0.00,16.0891,15.9231,15.8949,15.7275,37304730,1438018,1215384,37279032.0000,1437984.3750,1210756.0000,-32768,-32768,1009
00:08:00,1998.91,16.29,4.47,3276.70,0.00,16.1004,15.9338,15.9002,15.7329,37306813,1437967,1221368,37279900.0000,1437983.8750,1211087.6250,-32768,-32768,1006
00:08:03,1998.91,16.30,4.47,3276.70,0.00,16.1004,15.9445,15.9111,15.7437,37308815,1438194,1216163,37279900.0000,1437997.0000,1211087.6250,-32768,-32768,1004
00:08:05,1993.48,16.32,4.47,3276.70,0.00,16.1221,15.9552,15.9111,15.7599,37308815,1438275,1219923,37285148.0000,1438019.8750,1212352.2500,-32768,-32768,1002
00:08:07,1998.91,16.34,4.48,3276.70,0.00,16.1386,15.9552,15.9446,15.7599,37316913,1438253,1217722,37287820.0000,1438019.8750,1212352.2500,-32768,-32768,999
00:08:10,1998.91,16.35,4.47,3276.70,0.00,16.1552,15.9552,15.9613,15.7599,37317201,1438500,1218207,37289616.0000,1438019.8750,1212352.2500,-32768,-32768,997
00:08:11,1998.91,16.37,4.48,3276.70,0.00,16.1719,16.0037,15.9613,15.7599,37322836,1438304,1219052,37292480.0000,1438083.3750,1213702.3750,-32768,-32768,995
00:08:14,1998.91,16.38,4.48,3276.70,0.00,16.1719,16.0200,15.9889,15.8195,37322836,1438407,1220397,37295340.0000,1438118.6250,1214109.3750,-32768,-32768,993
00:08:16,1998.91,16.40,4.49,3276.70,0.00,16.1719,16.0363,15.9889,15.8414,37328834,1438604,1216270,37298264.0000,1438154.3750,1214556.7500,-32768,-32768,991
00:08:19,1993.48,16.40,4.49,3276.70,0.00,16.1719,16.0363,16.0229,15.8414,37331816,1438381,1221718,37301184.0000,1438181.5000,1214976.0000,-32768,-32768,988
00:08:21,1993.48,16.43,4.49,3276.70,0.00,16.2339,16.0363,16.0399,15.8414,37334610,1438796,1214090,37304152.0000,1438226.1250,1215203.2500,-32768,-32768,987
00:08:23,1993.48,16.45,4.49,3276.70,0.00,16.2511,16.0801,16.0513,15.8798,37337854,1438796,1222394,37306176.0000,1438250.1250,1215649.3750,-32768,-32768,986
00:08:24,1993.48,16.45,4.49,3276.70,0.00,16.2681,16.0966,16.0686,15.8964,37342059,1438871,1216908,37308276.0000,1438250.1250,1215852.7500,-32768,-32768,984
00:08:26,1993.48,16.48,4.49,3276.70,0.00,16.2796,16.1077,16.0800,15.9075,37341503,1438662,1223096,37310320.0000,1438313.5000,1216079.1250,-32768,-32768,983
00:08:28,1993.48,16.49,4.49,3276.70,0.00,16.2911,16.1187,16.0913,15.9186,37344673,1438809,1223407,37312400.0000,1438341.7500,1216079.1250,-32768,-32768,981
00:08:29,1993.48,16.50,4.50,3276.70,0.00,16.2965,16.1187,16.1033,15.9186,37347414,1438719,1224578,37315480.0000,1438391.7500,1216662.2500,-32768,-32768,980
00:08:32,1993.48,16.52,4.50,3276.70,0.00,16.3136,16.1409,16.1145,15.9409,37348155,1438778,1224578,37317520.0000,1438391.7500,1216662.2500,-32768,-32768,978
00:08:34,1993.48,16.54,4.50,3276.70,0.00,16.3314,16.1576,16.1319,15.9577,37351941,1438906,1224578,37320672.0000,1438448.3750,1217413.6250,-32768,-32768,977
00:08:37,1993.48,16.55,4.50,3276.70,0.00,16.3425,16.1688,16.1319,15.9745,37351941,1438726,1224578,37320672.0000,1438448.3750,1218046.7500,-32768,-32768,973
00:08:40,1993.48,16.58,4.50,3276.70,0.00,16.3425,16.1968,16.1319,16.0027,37361582,1438757,1227957,37327944.0000,1438514.5000,1218046.7500,-32768,-32768,968
00:08:42,1993.48,16.60,4.50,3276.70,0.00,16.3425,16.2194,16.1957,16.0197,37362883,1438895,1228534,37331024.0000,1438538.3750,1218046.7500,-32768,-32768,968
00:08:45,1993.48,16.62,4.50,3276.70,0.00,16.4124,16.2364,16.1957,16.0367,37362883,1438709,1236787,37335160.0000,1438569.1250,1221406.5000,-32768,-32768,959
00:08:48,1993.48,16.62,4.51,3276.70,0.00,16.4300,16.2364,16.2372,16.0367,37372680,1438989,1230184,37338320.0000,1438605.2500,1222153.3750,-32768,-32768,954
00:08:51,1993.48,16.66,4.53,3276.70,0.00,16.4300,16.2761,16.2372,16.0766,37372680,1438900,1230938,37342316.0000,1438636.3750,1223679.5000,-32768,-32768,954
00:08:53,1993.48,16.69,4.52,3276.70,0.00,16.4646,16.2875,16.2372,16.0938,37372680,1438812,1241313,37345352.0000,1438658.7500,1224888.5000,-32768,-32768,954
00:08:57,1993.48,16.71,4.53,3276.70,0.00,16.4646,16.3161,16.2372,16.1168,37372680,1439164,1236687,37349372.0000,1438658.7500,1226293.8750,-32768,-32768,938
00:08:59,2026.07,16.74,4.53,3276.70,0.00,16.5121,16.3333,16.2372,16.1168,37383923,1439102,1234163,37352440.0000,1438658.7500,1226293.8750,-32768,-32768,935
00:09:01,2026.07,16.75,4.54,3276.70,0.00,16.5276,16.3333,16.3379,16.1168,37380073,1438592,1228881,37354960.0000,1438658.7500,1226293.8750,-32768,-32768,934
00:09:04,1988.05,16.77,4.54,3276.70,0.00,16.5276,16.3692,16.3627,16.1702,37392088,1438865,1228881,37358372.0000,1438761.8750,1226293.8750,-32768,-32768,931
00:09:07,1982.62,16.77,4.54,3276.70,0.00,16.5276,16.3934,16.3627,16.1948,37392088,1439988,1237378,37364280.0000,1438916.7500,1228589.6250,-32768,-32768,928
00:09:08,2031.50,16.82,4.54,3276.70,0.00,16.5866,16.4051,16.3898,16.2067,37400489,1439814,1237091,37365412.0000,1438944.7500,1228855.2500,-32768,-32768,927
00:09:10,2031.50,16.82,4.55,3276.70,0.00,16.6018,16.4170,16.4048,16.2186,37376884,1437746,1237350,37367312.0000,1438944.7500,1228855.2500,-32768,-32768,926
00:09:13,2031.50,16.84,4.55,3276.70,0.00,16.6018,16.4354,16.4048,16.2434,37376884,1439113,1227982,37370448.0000,1438874.0000,1229539.2500,-32768,-32768,924
00:09:15,2031.50,16.87,4.55,3276.70,0.00,16.6018,16.4606,16.4048,16.2627,37410956,1439073,1240203,37374024.0000,1438895.2500,1229539.2500,-32768,-32768,920
00:09:17,2020.64,16.89,4.56,3276.70,0.00,16.6734,16.4606,16.4846,16.2627,37411079,1439350,1229038,37376252.0000,1438918.6250,1230788.8750,-32768,-32768,918
00:09:20,2009.78,16.89,4.57,3276.70,0.00,16.6905,16.4606,16.4994,16.2627,37419345,1439350,1233729,37381232.0000,1438986.8750,1230788.8750,-32768,-32768,915
00:09:23,2015.21,16.93,4.56,3276.70,0.00,16.6905,16.5237,16.4994,16.3264,37413960,1439163,1242136,37384448.0000,1439029.3750,1232197.3750,-32768,-32768,911
00:09:25,2015.21,16.96,4.56,3276.70,0.00,16.6905,16.5419,16.5338,16.3447,37412744,1439181,1233686,37386944.0000,1439029.3750,1232197.3750,-32768,-32768,910
00:09:29,2009.78,16.97,4.56,3276.70,0.00,16.6905,16.5539,16.5338,16.3629,37412744,1439259,1238001,37386944.0000,1439036.1250,1233776.3750,-32768,-32768,905
00:09:30,2015.21,17.00,4.56,3276.70,0.00,16.7631,16.5778,16.5668,16.3809,37420701,1439266,1244758,37392120.0000,1439036.1250,1234543.2500,-32768,-32768,903
00:09:33,2015.21,17.01,4.58,3276.70,0.00,16.7631,16.5957,16.5668,16.3987,37422885,1439273,1244386,37395628.0000,1439077.5000,1235480.7500,-32768,-32768,899
00:09:35,2009.78,17.03,4.58,3276.70,0.00,16.7631,16.6134,16.5668,16.4165,37424155,1439276,1245535,37397360.0000,1439089.1250,1236382.8750,-32768,-32768,895
00:09:38,2015.21,17.06,4.58,3276.70,0.00,16.7631,16.6311,16.5668,16.4343,37424155,1439104,1247246,37400768.0000,1439088.2500,1237561.1250,-32768,-32768,889
00:09:41,2009.78,17.08,4.58,3276.70,0.00,16.7631,16.6546,16.5668,16.4579,37424155,1439110,1257378,37404140.0000,1439087.3750,1239264.8750,-32768,-32768,884
00:09:43,2009.78,17.11,4.59,3276.70,0.00,16.8557,16.6546,16.6589,16.4756,37432279,1439118,1248396,37405864.0000,1439089.8750,1239810.0000,-32768,-32768,880
00:09:45,2015.21,17.12,4.58,3276.70,0.00,16.8676,16.6841,16.6706,16.4874,37435677,1439058,1257933,37407684.0000,1439094.2500,1240663.1250,-32768,-32768,880
00:09:47,2015.21,17.13,4.59,3276.70,0.00,16.8676,16.7018,16.6706,16.5051,37438304,1439225,1248787,37411168.0000,1439098.0000,1241956.2500,-32768,-32768,873
00:09:48,2009.78,17.13,4.59,3276.70,0.00,16.8973,16.7136,16.7008,16.5169,37439881,1439158,1258874,37412068.0000,1439099.8750,1242485.0000,-32768,-32768,871
00:09:51,2009.78,17.17,4.58,3276.70,0.00,16.9097,16.7255,16.7127,16.5169,37441602,1439254,1250765,37414648.0000,1439109.1250,1243526.7500,-32768,-32768,867
00:09:54,2009.78,17.19,4.59,3276.70,0.00,16.9097,16.7432,16.7127,16.5524,37441602,1439331,1251455,37418136.0000,1439114.1250,1245010.6250,-32768,-32768,867
00:09:55,2015.21,17.21,4.59,3276.70,0.00,16.9514,16.7670,16.7545,16.5702,37447074,1439134,1252785,37419900.0000,1439119.0000,1245470.6250,-32768,-32768,859
00:09:58,2015.21,17.23,4.59,3276.70,0.00,16.9576,16.7729,16.7609,16.5702,37449028,1439134,1260809,37419900.0000,1439113.0000,1246575.0000,-32768,-32768,855
00:09:59,2009.78,17.25,4.59,3276.70,0.00,16.9757,16.7907,16.7791,16.5940,37449168,1439253,1253707,37423360.0000,1439117.3750,1246797.8750,-32768,-32768,853
00:10:00,2009.78,17.26,4.58,3276.70,0.00,16.9876,16.8026,16.7913,16.6059,37451259,1438883,1260461,37425048.0000,1439111.1250,1247427.5000,-32768,-32768,852
00:10:01,2009.78,17.27,4.59,3276.70,0.00,16.9939,16.8086,16.7972,16.6119,37451302,1438860,1263007,37425872.0000,1439103.2500,1247914.3750,-32768,-32768,849
00:10:03,2009.78,17.28,4.59,3276.70,0.00,17.0057,16.8205,16.8095,16.6238,37452909,1439097,1254859,37427524.0000,1439103.2500,1247914.3750,-32768,-32768,847
00:10:05,2009.78,17.30,4.59,3276.70,0.00,17.0181,16.8324,16.8216,16.6358,37454670,1438999,1261032,37429920.0000,1439096.8750,1249253.5000,-32768,-32768,845
00:10:08,2009.78,17.32,4.59,3276.70,0.00,17.0181,16.8504,16.8216,16.6598,37454670,1438872,1260697,37433140.0000,1439096.3750,1250193.3750,-32768,-32768,841
00:10:11,2009.78,17.34,4.59,3276.70,0.00,17.0551,16.8504,16.8647,16.6598,37460063,1439029,1257824,37435592.0000,1439088.2500,1250965.7500,-32768,-32768,841
00:10:14,2009.78,17.36,4.59,3276.70,0.00,17.0551,16.8924,16.8647,16.7019,37463375,1439029,1259123,37438840.0000,1439069.3750,1251984.7500,-32768,-32768,834
00:10:16,2009.78,17.38,4.59,3276.70,0.00,17.0977,16.9105,16.8647,16.7139,37463375,1439029,1258377,37440528.0000,1439070.0000,1252390.0000,-32768,-32768,832
00:10:20,2015.21,17.38,4.59,3276.70,0.00,17.0977,16.9347,16.8647,16.7382,37463375,1438945,1258708,37440528.0000,1439056.5000,1253352.2500,-32768,-32768,828
00:10:22,2009.78,17.44,4.59,3276.70,0.00,17.1414,16.9347,16.9518,16.7382,37469761,1438895,1258708,37446840.0000,1439046.7500,1253812.6250,-32768,-32768,827
00:10:25,2009.78,17.46,4.59,3276.70,0.00,17.1414,16.9772,16.9518,16.7869,37469761,1439058,1254868,37449976.0000,1439043.3750,1254315.7500,-32768,-32768,824
00:10:28,2009.78,17.48,4.60,3276.70,0.00,17.1414,17.0016,16.9518,16.8053,37469761,1438970,1254868,37453324.0000,1439043.2500,1254315.7500,-32768,-32768,821
00:10:29,2009.78,17.51,4.59,3276.70,0.00,17.2107,17.0199,17.0146,16.8237,37478352,1439267,1253892,37454104.0000,1439050.2500,1255042.7500,-32768,-32768,820
00:10:30,2009.78,17.52,4.60,3276.70,0.00,17.2167,17.0261,17.0210,16.8360,37482027,1439023,1264328,37455784.0000,1439049.3750,1255590.3750,-32768,-32768,819
00:10:32,2009.78,17.53,4.60,3276.70,0.00,17.2293,17.0383,17.0336,16.8421,37483722,1439106,1264480,37456656.0000,1439049.3750,1255590.3750,-32768,-32768,818
00:10:34,2009.78,17.55,4.60,3276.70,0.00,17.2419,17.0506,17.0465,16.8545,37484103,1439106,1264480,37459172.0000,1439059.8750,1256040.3750,-32768,-32768,817
00:10:36,2009.78,17.55,4.60,3276.70,0.00,17.2419,17.0691,17.0654,16.8730,37484103,1439273,1264480,37459172.0000,1439064.0000,1256583.3750,-32768,-32768,815
00:10:39,2009.78,17.58,4.60,3276.70,0.00,17.2419,17.0877,17.0654,16.8979,37490918,1439028,1266221,37464416.0000,1439067.5000,1257124.3750,-32768,-32768,813
00:10:41,2009.78,17.60,4.60,3276.70,0.00,17.2419,17.1063,17.0654,16.8979,37494483,1439028,1266221,37467956.0000,1439076.5000,1257890.8750,-32768,-32768,810
00:10:44,2009.78,17.63,4.60,3276.70,0.00,17.3187,17.1250,17.0654,16.9353,37494483,1439040,1268521,37469720.0000,1439075.2500,1258518.1250,-32768,-32768,806
00:10:47,2009.78,17.66,4.60,3276.70,0.00,17.3380,17.1437,17.1425,16.9353,37501252,1438962,1268521,37472476.0000,1439075.2500,1259772.8750,-32768,-32768,803
00:10:48,2009.78,17.68,4.61,3276.70,0.00,17.3570,17.1625,17.1618,16.9729,37505153,1439103,1274062,37475292.0000,1439067.8750,1260527.7500,-32768,-32768,800
00:10:49,2009.78,17.68,4.61,3276.70,0.00,17.3702,17.1750,17.1749,16.9792,37506134,1439103,1275540,37476256.0000,1439069.0000,1260996.8750,-32768,-32768,799
00:10:52,2009.78,17.70,4.61,3276.70,0.00,17.3828,17.1876,17.1878,16.9918,37507464,1439103,1275540,37479132.0000,1439061.5000,1260996.8750,-32768,-32768,795
00:10:53,2009.78,17.72,4.61,3276.70,0.00,17.3959,17.2002,17.2004,17.0043,37509587,1439112,1277362,37480084.0000,1439061.5000,1262880.2500,-32768,-32768,791
00:10:56,2009.78,17.73,4.61,3276.70,0.00,17.3959,17.2191,17.2004,17.0296,37509587,1438954,1272035,37484004.0000,1439063.0000,1263721.7500,-32768,-32768,791
00:10:58,2009.78,17.76,4.61,3276.70,0.00,17.4407,17.2444,17.2458,17.0486,37517634,1439104,1272035,37486960.0000,1439055.7500,1265081.6250,-32768,-32768,784
00:10:59,2009.78,17.77,4.61,3276.70,0.00,17.4539,17.2570,17.2588,17.0613,37519461,1439066,1274347,37488920.0000,1439055.3750,1265619.1250,-32768,-32768,781
00:11:02,2009.78,17.78,4.61,3276.70,0.00,17.4668,17.2570,17.2719,17.0613,37522438,1439083,1274962,37491800.0000,1439055.3750,1265619.1250,-32768,-32768,776
00:11:05,2009.78,17.81,4.62,3276.70,0.00,17.4668,17.2888,17.2719,17.0995,37521697,1438876,1277082,37494656.0000,1439055.3750,1267738.2500,-32768,-32768,773
00:11:08,2009.78,17.82,4.61,3276.70,0.00,17.4668,17.3143,17.2719,17.1187,37521697,1439080,1277082,37498408.0000,1439028.2500,1269062.1250,-32768,-32768,769
00:11:11,2009.78,17.85,4.62,3276.70,0.00,17.5323,17.3143,17.3441,17.1187,37531147,1439080,1277744,37498408.0000,1439034.5000,1269991.2500,-32768,-32768,766
00:11:15,2009.78,17.88,4.62,3276.70,0.00,17.5323,17.3654,17.3441,17.1701,37531147,1439109,1277744,37498408.0000,1439041.0000,1269991.2500,-32768,-32768,763
00:11:17,2009.78,17.92,4.62,3276.70,0.00,17.5323,17.3912,17.3441,17.1959,37537929,1439108,1272898,37509820.0000,1439046.1250,1270956.8750,-32768,-32768,762
00:11:19,2009.78,17.93,4.62,3276.70,0.00,17.6045,17.4041,17.4102,17.2088,37540229,1439118,1272898,37509820.0000,1439046.1250,1271547.3750,-32768,-32768,759
00:11:21,2004.34,17.95,4.62,3276.70,0.00,17.6183,17.4170,17.4234,17.2088,37543731,1439077,1274202,37513632.0000,1439046.1250,1271547.3750,-32768,-32768,759
00:11:23,2009.78,17.97,4.62,3276.70,0.00,17.6379,17.4170,17.4436,17.2088,37544349,1439031,1282614,37516416.0000,1439055.6250,1272568.6250,-32768,-32768,755
00:11:26,2009.78,17.99,4.62,3276.70,0.00,17.6379,17.4624,17.4436,17.2673,37544349,1439072,1283477,37516416.0000,1439069.1250,1273686.8750,-32768,-32768,752
00:11:29,2009.78,18.02,4.62,3276.70,0.00,17.6379,17.4884,17.4436,17.2934,37553051,1439333,1277641,37524040.0000,1439090.3750,1274185.8750,-32768,-32768,750
00:11:31,2004.34,18.04,4.62,3276.70,0.00,17.6379,17.5080,17.4436,17.3131,37555008,1439041,1284715,37525932.0000,1439089.2500,1274826.8750,-32768,-32768,747
00:11:33,2009.78,18.06,4.62,3276.70,0.00,17.7246,17.5211,17.5305,17.3262,37556577,1439066,1278238,37527808.0000,1439088.3750,1274826.8750,-32768,-32768,746
00:11:34,2009.78,18.06,4.62,3276.70,0.00,17.7382,17.5343,17.5438,17.3393,37560420,1439271,1285449,37529748.0000,1439097.0000,1275598.0000,-32768,-32768,745
00:11:35,2009.78,18.09,4.62,3276.70,0.00,17.7450,17.5408,17.5507,17.3459,37561325,1439261,1285548,37530736.0000,1439102.1250,1275909.0000,-32768,-32768,745
00:11:37,2009.78,18.10,4.62,3276.70,0.00,17.7586,17.5539,17.5644,17.3591,37561833,1439188,1279475,37532632.0000,1439102.1250,1275909.0000,-32768,-32768,742
00:11:38,2009.78,18.12,4.62,3276.70,0.00,17.7720,17.5671,17.5780,17.3723,37563437,1439045,1279475,37535440.0000,1439108.1250,1277078.8750,-32768,-32768,740
00:11:40,2009.78,18.12,4.62,3276.70,0.00,17.7854,17.5803,17.5916,17.3856,37566054,1439289,1288208,37536396.0000,1439113.7500,1277426.7500,-32768,-32768,738
00:11:43,2009.78,18.14,4.62,3276.70,0.00,17.7854,17.6001,17.5916,17.4055,37566054,1439289,1288208,37540344.0000,1439146.0000,1278681.2500,-32768,-32768,734
00:11:44,2009.78,18.14,4.62,3276.70,0.00,17.8192,17.6134,17.6254,17.4188,37574455,1439440,1282600,37542344.0000,1439155.1250,1278803.6250,-32768,-32768,734
00:11:45,2009.78,18.18,4.63,3276.70,0.00,17.8330,17.6266,17.6254,17.4321,37574832,1439441,1279440,37543360.0000,1439164.1250,1278823.6250,-32768,-32768,732
00:11:48,2009.78,18.18,4.62,3276.70,0.00,17.8466,17.6399,17.6530,17.4454,37577446,1439415,1279440,37546440.0000,1439164.1250,1279956.1250,-32768,-32768,730
00:11:49,2009.78,18.21,4.62,3276.70,0.00,17.8605,17.6532,17.6668,17.4588,37580811,1439429,1282665,37547512.0000,1439187.8750,1280046.6250,-32768,-32768,729
00:11:51,2009.78,18.22,4.62,3276.70,0.00,17.8673,17.6532,17.6668,17.4722,37580811,1439429,1292652,37550644.0000,1439205.5000,1280831.3750,-32768,-32768,727
00:11:52,2009.78,18.22,4.62,3276.70,0.00,17.8882,17.6800,17.6941,17.4856,37584806,1439392,1284338,37552796.0000,1439221.6250,1281283.7500,-32768,-32768,725
00:11:53,2004.34,18.25,4.62,3276.70,0.00,17.9018,17.6934,17.7080,17.4991,37586325,1439549,1282564,37553844.0000,1439231.8750,1281323.7500,-32768,-32768,725
00:11:55,2004.34,18.27,4.62,3276.70,0.00,17.9154,17.7068,17.7220,17.5125,37588207,1439446,1293774,37555916.0000,1439244.2500,1282082.0000,-32768,-32768,722
00:11:58,2009.78,18.28,4.62,3276.70,0.00,17.9154,17.7202,17.7220,17.5328,37588207,1439502,1284292,37558972.0000,1439244.2500,1283032.8750,-32768,-32768,719
00:12:01,2009.78,18.31,4.63,3276.70,0.00,17.9154,17.7471,17.7220,17.5598,37596485,1439655,1288745,37563084.0000,1439244.2500,1284088.7500,-32768,-32768,715
00:12:04,2009.78,18.33,4.62,3276.70,0.00,17.9154,17.7741,17.7220,17.5801,37598666,1439399,1297594,37566184.0000,1439244.2500,1285304.8750,-32768,-32768,711
00:12:05,2004.34,18.36,4.63,3276.70,0.00,17.9979,17.7877,17.8047,17.5801,37602011,1439765,1290174,37569424.0000,1439337.1250,1285640.1250,-32768,-32768,710
00:12:06,2009.78,18.38,4.63,3276.70,0.00,18.0114,17.8012,17.8186,17.6073,37602506,1439475,1299182,37570456.0000,1439341.3750,1286063.3750,-32768,-32768,708
00:12:07,2004.34,18.38,4.63,3276.70,0.00,18.0185,17.8079,17.8255,17.6141,37604830,1439416,1299346,37571532.0000,1439343.7500,1286478.3750,-32768,-32768,706
00:12:09,2004.34,18.39,4.62,3276.70,0.00,18.0323,17.8079,17.8391,17.6277,37608643,1439754,1292460,37573740.0000,1439360.3750,1287052.8750,-32768,-32768,705
00:12:10,2009.78,18.41,4.62,3276.70,0.00,18.0391,17.8283,17.8463,17.6345,37609078,1439804,1290871,37575908.0000,1439379.7500,1287583.8750,-32768,-32768,703
00:12:11,2004.34,18.41,4.62,3276.70,0.00,18.0523,17.8418,17.8600,17.6481,37610655,1439564,1300419,37576992.0000,1439385.5000,1287985.0000,-32768,-32768,702
00:12:13,2009.78,18.43,4.62,3276.70,0.00,18.0594,17.8418,17.8600,17.6550,37610655,1439767,1294657,37579276.0000,1439401.7500,1288572.5000,-32768,-32768,702
00:12:16,2004.34,18.45,4.62,3276.70,0.00,18.0594,17.8758,17.8600,17.6891,37610655,1439691,1302185,37583560.0000,1439438.2500,1289885.7500,-32768,-32768,702
00:12:19,2004.34,18.47,4.62,3276.70,0.00,18.0594,17.9030,17.8600,17.7165,37621492,1439573,1304047,37588028.0000,1439468.2500,1291014.2500,-32768,-32768,692
00:12:21,2004.34,18.47,4.64,3276.70,0.00,18.1278,17.9166,17.8600,17.7234,37621492,1439800,1294970,37590296.0000,1439482.2500,1291531.8750,-32768,-32768,690
00:12:23,2009.78,18.47,4.64,3276.70,0.00,18.1486,17.9166,17.9569,17.7234,37628021,1439685,1305578,37593616.0000,1439508.0000,1292458.8750,-32768,-32768,686
00:12:27,2004.34,18.53,4.64,3276.70,0.00,18.1486,17.9643,17.9569,17.7714,37633199,1439751,1305578,37593616.0000,1439536.8750,1293444.3750,-32768,-32768,683
00:12:29,2004.34,18.56,4.64,3276.70,0.00,18.1486,17.9848,17.9569,17.7989,37634687,1439751,1305578,37593616.0000,1439565.1250,1294584.8750,-32768,-32768,680
00:12:31,2009.78,18.59,4.64,3276.70,0.00,18.2248,18.0121,18.0334,17.8195,37637956,1439681,1308538,37604816.0000,1439567.7500,1295438.2500,-32768,-32768,680
00:12:33,2009.78,18.61,4.64,3276.70,0.00,18.2248,18.0258,18.0472,17.8333,37640774,1439764,1301930,37604816.0000,1439587.1250,1296181.5000,-32768,-32768,675
00:12:36,2004.34,18.63,4.64,3276.70,0.00,18.2248,18.0464,18.0472,17.8608,37646573,1439717,1311046,37611440.0000,1439603.8750,1297484.1250,-32768,-32768,671
00:12:39,2009.78,18.63,4.64,3276.70,0.00,18.2248,18.0670,18.0472,17.8816,37648976,1439779,1311794,37611440.0000,1439603.8750,1298786.3750,-32768,-32768,667
00:12:41,2009.78,18.67,4.65,3276.70,0.00,18.3018,18.0877,18.1104,17.8954,37649153,1439779,1310224,37617860.0000,1439625.2500,1298786.3750,-32768,-32768,664
00:12:42,2004.34,18.69,4.65,3276.70,0.00,18.3231,18.1084,18.1319,17.9162,37652622,1439734,1312593,37619992.0000,1439630.3750,1300256.3750,-32768,-32768,662
00:12:45,2004.34,18.71,4.65,3276.70,0.00,18.3306,18.1153,18.1387,17.9162,37655991,1439802,1313868,37622164.0000,1439630.3750,1301576.1250,-32768,-32768,658
00:12:47,2004.34,18.73,4.65,3276.70,0.00,18.3513,18.1361,18.1387,17.9509,37655991,1439864,1314568,37622164.0000,1439660.5000,1302875.6250,-32768,-32768,658
00:12:50,2004.34,18.75,4.65,3276.70,0.00,18.3513,18.1707,18.1387,17.9787,37665280,1439864,1314568,37630924.0000,1439664.0000,1304888.3750,-32768,-32768,648
00:12:52,2004.34,18.78,4.65,3276.70,0.00,18.4012,18.1846,18.2091,17.9787,37668377,1439982,1316974,37633160.0000,1439681.5000,1305618.3750,-32768,-32768,645
00:12:54,2004.34,18.80,4.65,3276.70,0.00,18.4154,18.1986,18.2091,18.0136,37668377,1439845,1317685,37636492.0000,1439688.7500,1307282.3750,-32768,-32768,645
00:12:56,2004.34,18.82,4.65,3276.70,0.00,18.4441,18.2265,18.2518,18.0345,37674615,1439845,1326081,37639876.0000,1439708.3750,1308527.3750,-32768,-32768,637
00:12:58,2004.34,18.83,4.65,3276.70,0.00,18.4582,18.2405,18.2654,18.0485,37674691,1439877,1328619,37640964.0000,1439713.6250,1309155.1250,-32768,-32768,634
00:12:59,2004.34,18.85,4.65,3276.70,0.00,18.4721,18.2545,18.2795,18.0625,37678519,1439877,1319359,37644348.0000,1439735.2500,1310087.1250,-32768,-32768,632
00:13:01,2004.34,18.86,4.65,3276.70,0.00,18.4863,18.2685,18.2937,18.0764,37679190,1440044,1326595,37645436.0000,1439744.8750,1310603.0000,-32768,-32768,629
00:13:04,2004.34,18.86,4.65,3276.70,0.00,18.5009,18.2685,18.3158,18.0764,37684055,1440044,1326595,37645436.0000,1439744.8750,1312070.1250,-32768,-32768,625
00:13:05,2004.34,18.91,4.65,3276.70,0.00,18.5236,18.3037,18.3304,18.0764,37685749,1439940,1331415,37652096.0000,1439784.3750,1313158.6250,-32768,-32768,623
00:13:07,2004.34,18.91,4.65,3276.70,0.00,18.5461,18.3250,18.3529,18.1327,37689702,1439956,1323186,37654400.0000,1439797.3750,1313158.6250,-32768,-32768,620
00:13:10,2004.34,18.91,4.65,3276.70,0.00,18.5461,18.3463,18.3529,18.1540,37691022,1439956,1323186,37658720.0000,1439816.8750,1315465.5000,-32768,-32768,615
00:13:11,2004.34,18.97,4.65,3276.70,0.00,18.5817,18.3605,18.3886,18.1682,37694803,1439914,1324739,37660940.0000,1439822.8750,1316035.6250,-32768,-32768,614
00:13:14,2009.78,18.99,4.65,3276.70,0.00,18.5958,18.3748,18.4034,18.1682,37694803,1439857,1324739,37663104.0000,1439822.8750,1317291.6250,-32768,-32768,611
00:13:15,2004.34,19.00,4.65,3276.70,0.00,18.6102,18.3961,18.4253,18.2037,37700601,1440004,1326408,37665316.0000,1439834.5000,1317576.5000,-32768,-32768,610
00:13:16,2004.34,19.02,4.65,3276.70,0.00,18.6253,18.4033,18.4327,18.2109,37700762,1440017,1326548,37666424.0000,1439840.2500,1317856.8750,-32768,-32768,609
00:13:18,2004.34,19.02,4.65,3276.70,0.00,18.6325,18.4104,18.4327,18.2252,37700762,1440046,1326548,37669688.0000,1439857.6250,1319106.5000,-32768,-32768,605
00:13:22,2004.34,19.05,4.65,3276.70,0.00,18.6559,18.4537,18.4711,18.2612,37707250,1439998,1329096,37671904.0000,1439867.0000,1320972.6250,-32768,-32768,600
00:13:24,2009.78,19.08,4.65,3276.70,0.00,18.7002,18.4754,18.5080,18.2829,37711885,1440036,1329398,37677352.0000,1439883.8750,1321501.8750,-32768,-32768,597
00:13:26,2009.78,19.09,4.65,3276.70,0.00,18.7073,18.4754,18.5228,18.2975,37713545,1440028,1339841,37679516.0000,1439893.8750,1321501.8750,-32768,-32768,594
00:13:27,2004.34,19.11,4.65,3276.70,0.00,18.7295,18.5043,18.5376,18.3120,37716913,1440156,1331593,37681752.0000,1439909.6250,1323059.1250,-32768,-32768,593
00:13:29,2004.34,19.11,4.65,3276.70,0.00,18.7368,18.5115,18.5451,18.3193,37717542,1439882,1341503,37683956.0000,1439914.7500,1323931.1250,-32768,-32768,591
00:13:31,2004.34,19.13,4.65,3276.70,0.00,18.7520,18.5115,18.5679,18.3193,37720981,1440270,1332543,37686200.0000,1439936.8750,1325075.6250,-32768,-32768,588
00:13:33,2004.34,19.14,4.65,3276.70,0.00,18.7520,18.5552,18.5679,18.3193,37724971,1440031,1340582,37689572.0000,1439949.5000,1325822.5000,-32768,-32768,584
00:13:36,2004.34,19.17,4.64,3276.70,0.00,18.7520,18.5772,18.5679,18.3925,37724971,1440078,1335652,37693968.0000,1439960.7500,1327458.3750,-32768,-32768,581
00:13:37,2004.34,19.19,4.64,3276.70,0.00,18.8270,18.5992,18.6356,18.4071,37729068,1439890,1337761,37696112.0000,1439956.3750,1327780.2500,-32768,-32768,580
00:13:41,2004.34,19.19,4.66,3276.70,0.00,18.8270,18.6139,18.6356,18.4292,37729068,1439890,1333661,37696112.0000,1439975.0000,1328697.0000,-32768,-32768,576
00:13:44,2004.34,19.25,4.64,3276.70,0.00,18.8270,18.6507,18.6356,18.4662,37739835,1440145,1338999,37704896.0000,1439975.0000,1329690.2500,-32768,-32768,574
00:13:46,2004.34,19.27,4.64,3276.70,0.00,18.8959,18.6655,18.7049,18.4662,37741718,1440442,1338999,37708256.0000,1440029.7500,1330024.8750,-32768,-32768,573
00:13:48,2004.34,19.29,4.64,3276.70,0.00,18.8959,18.6952,18.7049,18.5035,37745038,1440243,1340644,37711616.0000,1440053.7500,1330690.5000,-32768,-32768,571
00:13:50,2004.34,19.31,4.64,3276.70,0.00,18.9409,18.7101,18.7505,18.5184,37746143,1440398,1340644,37713768.0000,1440069.2500,1330988.5000,-32768,-32768,570
00:13:52,2004.34,19.34,4.65,3276.70,0.00,18.9562,18.7249,18.7659,18.5184,37749086,1440276,1341617,37715980.0000,1440081.1250,1331664.8750,-32768,-32768,567
00:13:53,2004.34,19.35,4.65,3276.70,0.00,18.9716,18.7249,18.7891,18.5559,37751490,1440353,1331296,37718184.0000,1440096.8750,1331696.7500,-32768,-32768,567
00:13:56,2004.34,19.37,4.65,3276.70,0.00,18.9871,18.7249,18.7969,18.5559,37754800,1440115,1344279,37720360.0000,1440097.8750,1332459.1250,-32768,-32768,564
00:13:58,2004.34,19.40,4.65,3276.70,0.00,18.9871,18.7848,18.7969,18.5935,37759977,1440180,1344953,37724952.0000,1440121.8750,1333305.5000,-32768,-32768,562
00:13:59,2004.34,19.41,4.65,3276.70,0.00,19.0328,18.7998,18.8423,18.6086,37758913,1440203,1345065,37726016.0000,1440124.3750,1333673.0000,-32768,-32768,562
00:14:00,2004.34,19.42,4.65,3276.70,0.00,19.0404,18.8073,18.8502,18.6161,37760713,1440280,1345593,37727096.0000,1440129.2500,1334176.3750,-32768,-32768,560
00:14:02,2004.34,19.43,4.63,3276.70,0.00,19.0480,18.8223,18.8654,18.6161,37760713,1440430,1336843,37729336.0000,1440148.5000,1334259.7500,-32768,-32768,560
00:14:05,2004.34,19.46,4.65,3276.70,0.00,19.0710,18.8373,18.8807,18.6463,37765836,1440430,1346298,37729336.0000,1440151.2500,1335554.1250,-32768,-32768,555
00:14:06,2004.34,19.48,4.65,3276.70,0.00,19.1016,18.8675,18.9113,18.6765,37768266,1440143,1348102,37735832.0000,1440157.2500,1336066.2500,-32768,-32768,555
00:14:08,2004.34,19.50,4.65,3276.70,0.00,19.1091,18.8750,18.9188,18.6840,37769622,1440151,1348720,37736888.0000,1440157.2500,1336066.2500,-32768,-32768,552
00:14:10,2004.34,19.51,4.65,3276.70,0.00,19.1091,18.8976,18.9409,18.7066,37771833,1440295,1348720,37736888.0000,1440161.2500,1337720.1250,-32768,-32768,550
00:14:11,2004.34,19.51,4.65,3276.70,0.00,19.1461,18.9126,18.9557,18.7217,37774424,1440097,1349940,37742144.0000,1440159.2500,1338101.8750,-32768,-32768,549
00:14:12,2004.34,19.55,4.64,3276.70,0.00,19.1534,18.9201,18.9633,18.7293,37775881,1440112,1350370,37743196.0000,1440157.7500,1338485.3750,-32768,-32768,547
00:14:14,2004.34,19.55,4.65,3276.70,0.00,19.1686,18.9351,18.9781,18.7443,37779683,1440502,1350202,37745396.0000,1440174.7500,1339180.7500,-32768,-32768,545
00:14:16,2004.34,19.59,4.65,3276.70,0.00,19.1835,18.9351,18.9930,18.7443,37782146,1440217,1352797,37748608.0000,1440180.6250,1340392.2500,-32768,-32768,541
00:14:18,2004.34,19.61,4.64,3276.70,0.00,19.2060,18.9726,19.0157,18.7820,37785943,1440455,1355597,37748608.0000,1440197.6250,1341679.5000,-32768,-32768,541
00:14:22,2004.34,19.61,4.64,3276.70,0.00,19.2060,18.9951,19.0157,18.8120,37787240,1440455,1363097,37748608.0000,1440192.1250,1343661.5000,-32768,-32768,534
00:14:24,2004.34,19.66,4.64,3276.70,0.00,19.2060,19.0251,19.0676,18.8345,37791296,1440154,1356111,37748608.0000,1440190.1250,1344744.6250,-32768,-32768,530
00:14:26,2004.34,19.66,4.64,3276.70,0.00,19.2733,19.0401,19.0827,18.8345,37793038,1440154,1356111,37761272.0000,1440176.1250,1345910.3750,-32768,-32768,527
00:14:29,2004.34,19.70,4.64,3276.70,0.00,19.2961,19.0627,19.0827,18.8795,37793038,1440177,1358026,37764396.0000,1440173.6250,1346980.8750,-32768,-32768,527
00:14:31,2004.34,19.74,4.64,3276.70,0.00,19.3191,19.0627,19.1360,18.9021,37799707,1440223,1359060,37767384.0000,1440173.6250,1346980.8750,-32768,-32768,519
00:14:33,2004.34,19.76,4.64,3276.70,0.00,19.3416,19.1079,19.1510,18.9172,37802610,1440302,1360400,37769488.0000,1440169.2500,1349629.2500,-32768,-32768,517
00:14:34,2004.34,19.78,4.64,3276.70,0.00,19.3567,19.1079,19.1736,18.9397,37803846,1440138,1360515,37772492.0000,1440162.2500,1350338.2500,-32768,-32768,515
00:14:36,2004.34,19.79,4.64,3276.70,0.00,19.3720,19.1380,19.1811,18.9473,37806302,1440221,1360515,37772492.0000,1440169.0000,1350997.8750,-32768,-32768,515
00:14:37,2004.34,19.81,4.64,3276.70,0.00,19.3946,19.1606,19.2039,18.9699,37808958,1440335,1355379,37776600.0000,1440182.0000,1351302.5000,-32768,-32768,513
00:14:39,2004.34,19.82,4.63,3276.70,0.00,19.4019,19.1682,19.2116,18.9774,37808149,1440061,1355379,37778640.0000,1440171.6250,1352023.5000,-32768,-32768,511
00:14:41,2004.34,19.82,4.64,3276.70,0.00,19.4248,19.1908,19.2347,19.0000,37813360,1440318,1354842,37780708.0000,1440175.5000,1352433.0000,-32768,-32768,509
00:14:43,2004.34,19.82,4.64,3276.70,0.00,19.4403,19.2059,19.2493,19.0151,37815852,1440131,1364619,37782832.0000,1440175.5000,1353207.6250,-32768,-32768,507
00:14:44,2004.34,19.87,4.63,3276.70,0.00,19.4557,19.2209,19.2646,19.0302,37816099,1440018,1364606,37784856.0000,1440168.7500,1353563.8750,-32768,-32768,506
00:14:47,2004.34,19.89,4.63,3276.70,0.00,19.4557,19.2361,19.2646,19.0529,37816099,1440125,1365955,37787944.0000,1440165.1250,1354667.2500,-32768,-32768,502
00:14:47,1998.91,19.91,4.63,3276.70,0.00,19.4862,19.2512,19.2954,19.0604,37819518,1440179,1366504,37789972.0000,1440166.3750,1355410.2500,-32768,-32768,501
00:14:50,2004.34,19.92,4.63,3276.70,0.00,19.4862,19.2664,19.2954,19.0832,37819518,1440101,1366504,37793056.0000,1440158.5000,1356245.3750,-32768,-32768,499
00:14:53,2004.34,19.96,4.63,3276.70,0.00,19.5320,19.2967,19.3421,19.1060,37826779,1440141,1366504,37793056.0000,1440158.5000,1357353.0000,-32768,-32768,496
00:14:56,2004.34,19.96,4.63,3276.70,0.00,19.5550,19.2967,19.3724,19.1060,37828472,1439952,1370851,37800120.0000,1440140.7500,1358902.7500,-32768,-32768,492
00:14:57,2004.34,20.01,4.63,3276.70,0.00,19.5774,19.3421,19.3883,19.1515,37830344,1439664,1371702,37801064.0000,1440125.8750,1359302.7500,-32768,-32768,492
00:14:59,1998.91,20.03,4.63,3276.70,0.00,19.5924,19.3573,19.4037,19.1668,37833891,1439678,1371981,37803680.0000,1440081.7500,1360520.7500,-32768,-32768,488
00:15:01,2004.34,20.03,4.64,3276.70,0.00,19.5992,19.3648,19.4176,19.1668,37832380,1439712,1371665,37804580.0000,1440070.1250,1360869.0000,-32768,-32768,486
00:15:02,2004.34,20.06,4.63,3276.70,0.00,19.6203,19.3648,19.4319,19.1668,37835893,1439727,1371617,37807432.0000,1440043.5000,1361910.7500,-32768,-32768,484
00:15:04,2004.34,20.07,4.63,3276.70,0.00,19.6349,19.4024,19.4462,19.1668,37836135,1439611,1374316,37809172.0000,1440043.5000,1361910.7500,-32768,-32768,481
00:15:05,2004.34,20.09,4.63,3276.70,0.00,19.6504,19.4174,19.4616,19.2272,37838859,1439753,1374749,37811096.0000,1440003.7500,1363343.2500,-32768,-32768,480
00:15:07,2004.34,20.10,4.63,3276.70,0.00,19.6655,19.4324,19.4768,19.2423,37842465,1439732,1374403,37812076.0000,1440003.7500,1363343.2500,-32768,-32768,478
00:15:08,2004.34,20.12,4.63,3276.70,0.00,19.6802,19.4474,19.4996,19.2649,37845736,1439843,1375466,37815060.0000,1439979.0000,1364747.8750,-32768,-32768,476
00:15:10,2004.34,20.12,4.63,3276.70,0.00,19.6961,19.4624,19.5070,19.2725,37847236,1439847,1375767,37816064.0000,1439974.8750,1365092.2500,-32768,-32768,475
00:15:13,2004.34,20.15,4.63,3276.70,0.00,19.6961,19.4850,19.5070,19.2951,37849101,1439847,1375767,37820028.0000,1439960.2500,1366518.6250,-32768,-32768,472
00:15:16,2004.34,20.15,4.63,3276.70,0.00,19.7340,19.4850,19.5532,19.2951,37856778,1440000,1375767,37823248.0000,1439960.2500,1366518.6250,-32768,-32768,467
00:15:18,1998.91,20.15,4.63,3276.70,0.00,19.7643,19.5302,19.5763,19.3482,37862637,1439971,1375767,37826596.0000,1439966.6250,1368811.3750,-32768,-32768,466
00:15:20,2004.34,20.23,4.63,3276.70,0.00,19.7870,19.5529,19.5763,19.3633,37863630,1439971,1375767,37829940.0000,1439969.6250,1369876.0000,-32768,-32768,463
00:15:21,2004.34,20.25,4.63,3276.70,0.00,19.8013,19.5679,19.6135,19.3785,37866326,1440108,1382894,37829940.0000,1439978.5000,1370654.1250,-32768,-32768,461
00:15:23,2004.34,20.26,4.63,3276.70,0.00,19.8157,19.5829,19.6279,19.3936,37868011,1440060,1381373,37834488.0000,1439985.3750,1371326.3750,-32768,-32768,460
00:15:24,2004.34,20.26,4.63,3276.70,0.00,19.8296,19.5978,19.6418,19.4086,37870693,1440171,1382827,37835620.0000,1439991.2500,1371685.7500,-32768,-32768,459
00:15:26,2004.34,20.28,4.63,3276.70,0.00,19.8437,19.6127,19.6557,19.4235,37873536,1440171,1382827,37837904.0000,1440012.2500,1372774.3750,-32768,-32768,456
00:15:28,2004.34,20.30,4.63,3276.70,0.00,19.8577,19.6275,19.6701,19.4384,37876041,1440242,1383967,37840232.0000,1440019.3750,1373124.1250,-32768,-32768,454
00:15:31,2004.34,20.32,4.62,3276.70,0.00,19.8721,19.6275,19.6848,19.4384,37882539,1440573,1383967,37845148.0000,1440019.3750,1374544.7500,-32768,-32768,450
00:15:33,2004.34,20.35,4.62,3276.70,0.00,19.8721,19.6792,19.6848,19.4384,37888938,1440504,1387090,37850152.0000,1440131.2500,1375978.3750,-32768,-32768,448
00:15:34,2004.34,20.36,4.63,3276.70,0.00,19.9210,19.6938,19.7340,19.5052,37891785,1440588,1388282,37851456.0000,1440145.5000,1376362.8750,-32768,-32768,447
00:15:36,1998.91,20.37,4.62,3276.70,0.00,19.9282,19.7011,19.7403,19.5125,37892971,1440724,1388173,37852752.0000,1440163.6250,1376731.8750,-32768,-32768,445
00:15:37,2004.34,20.38,4.62,3276.70,0.00,19.9417,19.7157,19.7535,19.5271,37896946,1440706,1389622,37855392.0000,1440198.2500,1377495.7500,-32768,-32768,444
00:15:39,2004.34,20.39,4.62,3276.70,0.00,19.9480,19.7157,19.7604,19.5271,37899983,1440764,1389426,37858120.0000,1440198.2500,1377495.7500,-32768,-32768,441
00:15:40,2004.34,20.40,4.62,3276.70,0.00,19.9680,19.7445,19.7797,19.5560,37903212,1440764,1389426,37860856.0000,1440284.8750,1379327.1250,-32768,-32768,439
00:15:42,2004.34,20.41,4.62,3276.70,0.00,19.9812,19.7589,19.7930,19.5704,37905022,1441022,1391432,37863584.0000,1440284.8750,1379327.1250,-32768,-32768,437
00:15:44,2004.34,20.43,4.62,3276.70,0.00,19.9940,19.7731,19.8059,19.5846,37909605,1441182,1391860,37866356.0000,1440358.2500,1380465.5000,-32768,-32768,435
00:15:45,2004.34,20.43,4.62,3276.70,0.00,20.0070,19.7873,19.8191,19.5988,37912112,1441155,1391860,37870536.0000,1440434.0000,1381536.7500,-32768,-32768,433
00:15:48,1998.91,20.45,4.62,3276.70,0.00,20.0196,19.8013,19.8313,19.6129,37917426,1441215,1391860,37872000.0000,1440434.0000,1381536.7500,-32768,-32768,431
00:15:50,1998.91,20.46,4.62,3276.70,0.00,20.0388,19.8223,19.8502,19.6339,37922234,1441489,1391860,37876280.0000,1440537.3750,1381536.7500,-32768,-32768,429
00:15:52,2004.34,20.48,4.62,3276.70,0.00,20.0513,19.8361,19.8629,19.6546,37926367,1441428,1391860,37880720.0000,1440620.5000,1384042.2500,-32768,-32768,426
00:15:54,1998.91,20.49,4.62,3276.70,0.00,20.0513,19.8634,19.8862,19.6751,37931386,1441578,1396959,37885176.0000,1440704.7500,1385180.2500,-32768,-32768,425
00:15:56,2004.34,20.50,4.62,3276.70,0.00,20.0513,19.8634,19.8976,19.6751,37936831,1441884,1397151,37889680.0000,1440805.8750,1386261.6250,-32768,-32768,425
00:15:57,2004.34,20.52,4.62,3276.70,0.00,20.0978,19.8903,19.9093,19.7020,37938027,1441848,1397996,37891192.0000,1440838.3750,1386628.2500,-32768,-32768,421
00:15:59,2004.34,20.53,4.62,3276.70,0.00,20.1094,19.9036,19.9093,19.7218,37940806,1441964,1398315,37895584.0000,1440940.6250,1387706.3750,-32768,-32768,419
00:16:02,2004.34,20.54,4.62,3276.70,0.00,20.1094,19.9232,19.9093,19.7413,37940806,1442026,1399141,37900016.0000,1441071.1250,1389083.7500,-32768,-32768,416
00:16:05,2004.34,20.56,4.62,3276.70,0.00,20.1432,19.9232,19.9590,19.7413,37950637,1442289,1400573,37904536.0000,1441071.1250,1389083.7500,-32768,-32768,413
00:16:07,2004.34,20.57,4.62,3276.70,0.00,20.1593,19.9619,19.9590,19.7413,37956528,1442452,1400573,37904536.0000,1441071.1250,1391197.0000,-32768,-32768,411
00:16:10,1998.91,20.59,4.62,3276.70,0.00,20.1593,19.9870,19.9590,19.8043,37961521,1442613,1401696,37915180.0000,1441412.2500,1391197.0000,-32768,-32768,408
00:16:12,2004.34,20.60,4.62,3276.70,0.00,20.1899,19.9993,20.0004,19.8104,37963762,1442768,1401696,37918272.0000,1441495.0000,1391197.0000,-32768,-32768,406
00:16:13,1998.91,20.61,4.62,3276.70,0.00,20.2048,20.0174,20.0145,19.8284,37968086,1442727,1403744,37921332.0000,1441573.3750,1393500.8750,-32768,-32768,406
00:16:15,2004.34,20.62,4.62,3276.70,0.00,20.2143,20.0293,20.0241,19.8403,37973562,1442872,1404550,37924452.0000,1441652.0000,1393500.8750,-32768,-32768,403
00:16:18,2004.34,20.63,4.62,3276.70,0.00,20.2143,20.0469,20.0241,19.8577,37976713,1442872,1406436,37930540.0000,1441808.6250,1395513.0000,-32768,-32768,400
00:16:19,2004.34,20.64,4.62,3276.70,0.00,20.2361,20.0584,20.0450,19.8691,37979008,1443087,1406436,37933540.0000,1441887.3750,1396155.0000,-32768,-32768,399
00:16:21,2004.34,20.65,4.62,3276.70,0.00,20.2439,20.0696,20.0525,19.8803,37980719,1443151,1406323,37936524.0000,1441965.5000,1396778.1250,-32768,-32768,397
00:16:23,2004.34,20.65,4.62,3276.70,0.00,20.2511,20.0807,20.0599,19.8912,37985444,1443268,1407276,37938052.0000,1441965.5000,1396778.1250,-32768,-32768,395
00:16:24,1998.91,20.66,4.62,3276.70,0.00,20.2584,20.0914,20.0673,19.9018,37984785,1443291,1407037,37942368.0000,1442126.7500,1398020.8750,-32768,-32768,395
00:16:26,2004.34,20.67,4.62,3276.70,0.00,20.2703,20.1073,20.0789,19.9175,37989138,1443380,1407157,37945264.0000,1442206.7500,1398607.3750,-32768,-32768,393
00:16:28,1998.91,20.67,4.62,3276.70,0.00,20.2745,20.1073,20.0867,19.9175,37991614,1443324,1408276,37949352.0000,1442206.7500,1398607.3750,-32768,-32768,391
